,fsqid,name,latitude,longitude,category,popularity,price,rating,stats,free_bikes
0,2b35d1155b9e408487c4e75d,Sheetla Das Ki Bagiya Shri Ram,23.249586,77.395599,"Retail,",,,,,2
1,51336900e4b063789a511ca4,Pizza inn,23.249586,77.395599,"Fast Food Restaurant,",0.520196191575303,1.0,,,2
2,51c4981d498ed8aad5ce9721,Danish Icecream Palour,23.249586,77.395599,"Ice Cream Parlor,",0.9163300634737448,1.0,,,2
3,5128b4fae4b01d5802641e46,Bake N Shake,23.249586,77.395599,"Coffee Shop,",0.7642815926139642,1.0,,,2
4,59f2ef646bd36b5ffe811366,Kamla Park,23.249586,77.395599,"Park,",0.9310444316214656,,,,2
5,577df56f498ec5eb3e068581,Khushboo Park,23.249586,77.395599,"Park,",0.3739180611656088,,,,2
6,d97a6ce80a684147f6e9a267,Shree Veshno Kirana Store,23.249586,77.395599,"Retail,",,,,,2
7,e347f569f5674768590b9a51,Sheed Maruti Work Shop,23.249586,77.395599,"Car Parts and Accessories,",,,,,2
8,e7208de711a340bf0027837c,Decent Motors,23.249586,77.395599,"Car Parts and Accessories,",,,,,2
9,e9240ab99053401c836384f1,Saman Dairy,23.249586,77.395599,"Retail,",,,,,2
10,51a6eb61498e8d9efce733df,Goyal Medical Hall,23.222624,77.424051,"Drugstore,",0.7400461627236007,,,,5
11,4fab9649e4b0381a48ca1f84,Amer Bakery Hut,23.222624,77.424051,"Bakery,",0.9645124062319675,1.0,8.3,"{'total_photos': 12, 'total_ratings': 25, 'total_tips': 12}",5
12,46c8b646fd694ba145b288c1,U V World Tours,23.222624,77.424051,,,,,,5
13,4ff91ab7e4b002d4d43b6faa,Royal Hair Salon,23.222624,77.424051,"Nail Salon,",0.7155222158107328,,,,5
14,4d402101c1d4721e308c0dc7,Cafe Coffee Day,23.222624,77.424051,"Cafes, Coffee, and Tea Houses,",0.9711482977495672,1.0,7.2,"{'total_photos': 5, 'total_ratings': 18, 'total_tips': 1}",5
15,c675ca1484de45f7a9652f48,Naidu Restaurant,23.222624,77.424051,"Restaurant,",,,,,5
16,83730a654fda476957a25f9b,Cobbler,23.222624,77.424051,"Retail,",,,,,5
17,5fe0fa3fdcaf4fa144063e30,Humpty Dumpty,23.222624,77.424051,"Retail,",,,,,5
18,3e8129cf2e324a630be49286,Ankit Electricals Repairing Centre,23.222624,77.424051,"Retail,",,,,,5
19,ee4fd8c67f3242f31199f9b3,Kashmir General Stores,23.222624,77.424051,"Retail,",,,,,5
20,593cfb6f8496ca7ada5d5428,Yolo - You Obviously Love Outings,23.192864,77.450197,"Café,",0.5086555106751298,1.0,,,4
21,606d9593a78c602dbd7551cc,Samsung SmartPlaza - Chitrahar Electro Retail LLP,23.192864,77.450197,"Electronics Store,",0.4368147720715522,,,,4
22,15297909af78455ffd9be4b5,Dominos,23.192864,77.450197,"Fast Food Restaurant,",,,,,4
23,405f94c3788546e1f66c33fa,Yolo Spice and Lounge,23.192864,77.450197,"Restaurant,",,,,,4
24,fb713a1f800d41f034f39b55,Jai Mahakal Jal Jeera,23.192864,77.450197,"Restaurant,",,,,,4
25,4bc2dad55dc44850655f5433,Bank of Baroda,23.192864,77.450197,"Banking and Finance,",,,,,4
26,65a5973a78154b9bcf735138,Navratna,23.192864,77.450197,"Indian Restaurant,",,,,,4
27,ac34b7a773e84e4a99f07c2f,Wood Traders,23.192864,77.450197,"Retail,",,,,,4
28,f66e979fedda4c30654f852c,Approach Consultant,23.192864,77.450197,"Retail,",,,,,4
29,6621d5df7a12481b0fa798a2,Aalish Automobile and Service Centre,23.192864,77.450197,"Car Parts and Accessories,",,,,,4
30,4dfdbb87813092a26e4ed819,Bawarchi Restaurant,23.203445,77.446469,"Indian Restaurant,",0.358338141950375,2.0,,,6
31,f234c36d011a47ddb6faaea4,New Swagat Tent and Carpets,23.203445,77.446469,"Retail,",,,,,6
32,ec93dafca95c4e355936b948,Saurabh Pradhan,23.203445,77.446469,"Retail,",,,,,6
33,af0ad03427a14bf9bb7397be,Gojagy Traders,23.203445,77.446469,"Retail,",,,,,6
34,d7722f3bd1334d3ab269c3bf,Archana Traders,23.203445,77.446469,"Retail,",,,,,6
35,bfc83c8233b6464ca1bc1827,Vaishno Motors,23.203445,77.446469,"Car Parts and Accessories,",,,,,6
36,55d9d267502a4013802e4663,Om Sai Book Store,23.203445,77.446469,"Retail,",,,,,6
37,7d9d57c9a2f54017b7938ba1,Century Mittal Kirana and General Store,23.203445,77.446469,"Retail,",,,,,6
38,7bd72554efb04b749e8ac5e8,Jain Dairy and Kirana Store,23.203445,77.446469,"Retail,",,,,,6
39,11463b301ea742e888f57e18,Sumitra Agro Tech,23.203445,77.446469,"Retail,",,,,,6
40,5f736b22bfa1b40ecf815619,Rainway UPVC,23.200714,77.447472,"Business and Professional Services,",0.3113098672821696,,,,3
41,ba60511a20534462bbac0e19,Sonam Enterprises,23.200714,77.447472,"Retail,",,,,,3
42,2c22535bb7ca49db0bc893fb,Uniqu Enterprises,23.200714,77.447472,"Retail,",,,,,3
43,4dfdbb87813092a26e4ed819,Bawarchi Restaurant,23.200714,77.447472,"Indian Restaurant,",0.358338141950375,2.0,,,3
44,9fe71291c83445a6709a92ef,Rainbo Printers,23.200714,77.447472,"Retail,",,,,,3
45,51597978e4b03e8df7d3a2f9,Rose Beauty Salon,23.200714,77.447472,"Health and Beauty Service,",0.6439699942296595,,,,3
46,c08efdc69f8e4cb2d03480b4,Mahak Provision Store,23.200714,77.447472,"Retail,",,,,,3
47,9398cae92ea743b2002a13ab,Laxmi Sweets,23.200714,77.447472,"Retail,",,,,,3
48,881bc1ba84114badedf8478c,Pick Wick Store,23.200714,77.447472,"Retail,",,,,,3
49,eac69a5cf8dc43b9e7dee493,Varma Collection,23.200714,77.447472,"Retail,",,,,,3
50,4ff85a61e4b083d14cac9274,Bawarchi Dhaba,23.187359,77.452427,"Indian Restaurant,",0.0946335833814195,2.0,,,2
51,4fbde578e4b0492153c80dbb,Volkswagen Bhopal,23.187359,77.452427,"Automotive Retail,",0.9619157530294288,,,,2
52,7b71650c12c54acbcbb1bca3,Sweet Shop,23.187359,77.452427,"Restaurant,",,,,,2
53,d60324cfe393442ddd575612,Hi Tech Dry Cleaners,23.187359,77.452427,"Retail,",,,,,2
54,6188c9e030014f907454d0d6,Ada Boutique,23.187359,77.452427,"Retail,",,,,,2
55,c4f476ac16ff4b8f56093349,New Style Hair Mens Parlour,23.187359,77.452427,"Retail,",,,,,2
56,46723fffb3ae4a4a37a72a83,Union Bank of India Hoshangabad Road Branch,23.187359,77.452427,"Banking and Finance,",,,,,2
57,56089807f56744ad0ecc3b4f,Kalis Marble,23.187359,77.452427,"Retail,",,,,,2
58,80730111e98948f0fc8a017c,TCI Ereight,23.187359,77.452427,"Retail,",,,,,2
59,9ab8a8eef6134944523d0377,Jk Service Centre,23.187359,77.452427,"Car Parts and Accessories,",,,,,2
60,4fbde250e4b096dc0aa497e0,Cinépolis - Aashima Mall,23.182398,77.455573,"Movie Theater,",0.9316214656664744,,7.2,"{'total_photos': 9, 'total_ratings': 48, 'total_tips': 9}",6
61,4f794c06e4b0633649494632,Aashima Mall,23.182398,77.455573,"Plaza,",0.9933641084824004,,7.0,"{'total_photos': 7, 'total_ratings': 19, 'total_tips': 5}",6
62,4fb0a6c7e4b0afbb67b325e7,Reliance Mart - Aashima Mall,23.182398,77.455573,"Retail,",0.0057703404500865,,,,6
63,4fbde342e4b02f0da7501348,Aashima -Food Court,23.182398,77.455573,"Food Court,",0.1174264281592614,,,,6
64,544f4726498eef66b25eb29c,"Sheesha, The Sky Lounge, Aashima Mall",23.182398,77.455573,"Lounge,",0.1468551644547028,3.0,,,6
65,4f22ca89e4b0e1207fe5cbc1,Nandan Palace,23.182398,77.455573,,0.8892094633583382,,,,6
66,4fdd9b4ee4b08d627a95a8d9,Brownie Point,23.182398,77.455573,"Bakery,",0.7106174264281593,1.0,,,6
67,504369b1e4b055ecd3c41ed4,Top N Town,23.182398,77.455573,"Ice Cream Parlor,Restaurant,",0.4835545297172533,1.0,,,6
68,5bd16ce2deb49500251efb15,Praadis Jewellers,23.182398,77.455573,"Jewelry Store,",0.2345643392960184,,,,6
69,51bdf424498ee13d09c0a96c,Prakash Dhaba,23.182398,77.455573,"Indian Restaurant,",0.6107905366416618,2.0,,,6
70,4df4cf12a809141629a710a2,Hotel Rajhans Regency,23.229068,77.442164,"Asian Restaurant,",0.9893248701673398,2.0,,,5
71,4f37d87de4b01139d6289a7a,Narmada Club,23.229068,77.442164,"Sports and Recreation,",0.1947489901904212,,,,5
72,c2a711f958244e92289dfcc5,Global Agencies,23.229068,77.442164,"Retail,",,,,,5
73,5582bb22498e3b830b8231cd,Agarwals Rajbhog,23.229068,77.442164,"Indian Restaurant,",0.8049624927870744,,,,5
74,4f0afd05e4b08f524b491ff4,Kailash Tea Stall,23.229068,77.442164,"Tea Room,",0.3721869590305828,2.0,,,5
75,4e4b9972483bb8f059939fa4,Mileage Advertisements,23.229068,77.442164,"Arts and Crafts Store,",0.5678015002885171,,,,5
76,51482396e4b0131c2319a25d,Kathi hut,23.229068,77.442164,"Restaurant,",0.3987305251009809,2.0,,,5
77,58bfe2309ab6631a4190010c,Papa Mexicano,23.229068,77.442164,"Restaurant,",0.4904789382573571,1.0,,,5
78,4d42c7ec1629b60c2d689a89,Bake 'n' Shake,23.229068,77.442164,"Bakery,Restaurant,",0.5963646855164455,1.0,7.8,"{'total_photos': 7, 'total_ratings': 17, 'total_tips': 9}",5
79,4e915ff9b8f79f71deda22fb,Arya Bhawan Restaurant,23.229068,77.442164,,0.2862088863242931,,,,5
80,4e428ad162e13c6ce80aac0a,Archana Optics,23.22874,77.428269,"Cosmetics Store,",0.7971725331794576,,,,4
81,4e47e361d164155c0df82a40,Shri Krishna Dairy,23.22874,77.428269,"Restaurant,",0.6858049624927871,1.0,,,4
82,4e428e9e1495179c014fc0b3,Comfort Journey,23.22874,77.428269,"Automotive Retail,",0.1156953260242354,,,,4
83,4e428b2862e13c6ce80ab093,6no Food Stall,23.22874,77.428269,"Food Court,",0.9927870744373918,,,,4
84,4e428a481495179c014f8721,Cyber World,23.22874,77.428269,"Electronics Store,",0.5536641661858049,,,,4
85,4e0d8090a8099e1525ff8ba7,10 Downing Street,23.22874,77.428269,"Indian Restaurant,",0.3845931909982689,1.0,8.0,"{'total_photos': 11, 'total_ratings': 35, 'total_tips': 9}",4
86,5b9f7d795d891b002c18f310,Cinépolis - Db Mall,23.22874,77.428269,"Movie Theater,",0.9160415464512406,,7.4,"{'total_photos': 4, 'total_ratings': 0}",4
87,4e2e82f6aeb7e1b8af9b8ece,McDonald's,23.22874,77.428269,"Burger Joint,Fast Food Restaurant,",0.93133294864397,1.0,7.6,"{'total_photos': 4, 'total_ratings': 19, 'total_tips': 5}",4
88,4cce8f263cb6b71397cbc3c8,DB City Mall,23.22874,77.428269,"Shopping Mall,",0.9593190998268898,,7.5,"{'total_photos': 71, 'total_ratings': 120, 'total_tips': 34}",4
89,4db19b664df03036e8d2082e,D.B City Mall,23.22874,77.428269,"Department Store,",0.9942296595499136,,8.1,"{'total_photos': 13, 'total_ratings': 19, 'total_tips': 3}",4
90,4d13550e37f1236a9b77801b,Sagar Gaire,23.225072,77.42874,"Fast Food Restaurant,Indian Restaurant,",0.9763416041546452,2.0,7.2,"{'total_photos': 4, 'total_ratings': 31, 'total_tips': 19}",5
91,4e47e361d164155c0df82a40,Shri Krishna Dairy,23.225072,77.42874,"Restaurant,",0.6858049624927871,1.0,,,5
92,4e428b2862e13c6ce80ab093,6no Food Stall,23.225072,77.42874,"Food Court,",0.9927870744373918,,,,5
93,4e428e9e1495179c014fc0b3,Comfort Journey,23.225072,77.42874,"Automotive Retail,",0.1156953260242354,,,,5
94,4e428ad162e13c6ce80aac0a,Archana Optics,23.225072,77.42874,"Cosmetics Store,",0.7971725331794576,,,,5
95,4e428a481495179c014f8721,Cyber World,23.225072,77.42874,"Electronics Store,",0.5536641661858049,,,,5
96,4e0d8090a8099e1525ff8ba7,10 Downing Street,23.225072,77.42874,"Indian Restaurant,",0.3845931909982689,1.0,8.0,"{'total_photos': 11, 'total_ratings': 35, 'total_tips': 9}",5
97,4fab9649e4b0381a48ca1f84,Amer Bakery Hut,23.225072,77.42874,"Bakery,",0.9645124062319675,1.0,8.3,"{'total_photos': 12, 'total_ratings': 25, 'total_tips': 12}",5
98,5b9f7d795d891b002c18f310,Cinépolis - Db Mall,23.225072,77.42874,"Movie Theater,",0.9160415464512406,,7.4,"{'total_photos': 4, 'total_ratings': 0}",5
99,51a6eb61498e8d9efce733df,Goyal Medical Hall,23.225072,77.42874,"Drugstore,",0.7400461627236007,,,,5
100,4f58a02ee4b0b09e31ca69e6,New market,23.22866,77.415382,"Bookstore,",0.9183496826312753,,,,6
101,90376c660b9244b26efe9daf,Ashok Enterprises,23.22866,77.415382,"Retail,",,,,,6
102,282e99e5850f4fb5eb4efa81,Verity Stationery,23.22866,77.415382,"Retail,",,,,,6
103,144dd6d0c308422c2ed340fb,New Asha Proteins and General Store,23.22866,77.415382,"Retail,",,,,,6
104,6d322dadf12547c6d9237f10,Seva Bike Repairing Shop,23.22866,77.415382,"Car Parts and Accessories,",,,,,6
105,8c76f23b291f4aae5011920d,Surya Photo and Electronics,23.22866,77.415382,"Photography Studio,",,,,,6
106,2f2448dc35d243b3eee70b7b,Tulsi Nagar and Alley,23.22866,77.415382,"Retail,",,,,,6
107,50811525e4b091f1694bddbc,Fulwani Proteins,23.22866,77.415382,"Bakery,",0.0574148874783612,1.0,,,6
108,50ac9ac5498e258b053e4fcf,Mayur Park,23.22866,77.415382,"Park,",0.0395268320830929,,,,6
109,752de5ea94534be225f262c2,New Champion Battery Auto Electrician,23.22866,77.415382,"Car Parts and Accessories,",,,,,6
110,4fab9873e4b0a1a273c15530,Prakash Taran Pushkar,23.231905,77.411919,"Swimming Pool,",0.4743219849971148,,,,5
111,5162c28ee4b069b26a673224,Amer Bakery Hut,23.231905,77.411919,"Bagel Shop,",0.9552798615118292,1.0,,,5
112,4f58a02ee4b0b09e31ca69e6,New market,23.231905,77.411919,"Bookstore,",0.9183496826312753,,,,5
113,5b212ef652ca456f83c997b7,Data Entry Bpo Services,23.231905,77.411919,"Computer Repair Service,",,,,,5
114,40bc230df7a84c3b400ca6d6,Trendy,23.231905,77.411919,,,,,,5
115,7e0580d3ab55410e1b870096,Jain Bharji,23.231905,77.411919,"Retail,",,,,,5
116,6a5b7d60521747f49df32982,Sun Enterprises,23.231905,77.411919,"Retail,",,,,,5
117,517cd3d0e4b036137dd07eaf,Nakhrali New Market,23.231905,77.411919,"Boutique,",0.7322562031159838,,,,5
118,2f2448dc35d243b3eee70b7b,Tulsi Nagar and Alley,23.231905,77.411919,"Retail,",,,,,5
119,6d322dadf12547c6d9237f10,Seva Bike Repairing Shop,23.231905,77.411919,"Car Parts and Accessories,",,,,,5
120,4e3cd6c08877b00cfc3fdf34,Top N Town Main Icecream Joint,23.23295,77.401322,"Food Court,",0.9864396999422966,,7.9,"{'total_photos': 8, 'total_ratings': 13, 'total_tips': 8}",4
121,4ef88d935c5c68fa0c49d186,Indian Coffee House,23.23295,77.401322,"Indian Restaurant,",0.9780727062896712,2.0,6.7,"{'total_photos': 8, 'total_ratings': 11, 'total_tips': 4}",4
122,4e577e1afa76435f0bcf141e,New Market,23.23295,77.401322,"Miscellaneous Store,",0.998268897864974,,6.5,"{'total_photos': 28, 'total_ratings': 39, 'total_tips': 11}",4
123,4ce7b3500f196dcb172b40ae,Db City Mall,23.23295,77.401322,"Shopping Mall,",0.657530294287363,,,,4
124,4fab9acde4b024d200756d77,Chhappan Bhog,23.23295,77.401322,"Breakfast Spot,",0.4281592613964224,1.0,,,4
125,502a67a6e4b0b266b919cf7f,Squash Court,23.23295,77.401322,"Sports and Recreation,",0.7683208309290248,,,,4
126,5067caf4e4b08e43d054cc7a,Indian Coffee House added by Afzal,23.23295,77.401322,"Café,",0.8413156376226197,1.0,,,4
127,5b3a3de8c9f9070039c43c3c,"Keventers, New market",23.23295,77.401322,"Café,",0.9324870167339872,1.0,,,4
128,4fd971b0e4b02b4ce269663f,Idbi Bank,23.23295,77.401322,"Bank,",0.0126947489901904,,,,4
129,61604d10c35900480b25a10f,Samsung SmartCafé (Variety Music Corner),23.23295,77.401322,"Mobile Phone Store,",0.1145412579342181,,,,4
130,4e3cd6c08877b00cfc3fdf34,Top N Town Main Icecream Joint,23.237019,77.40025,"Food Court,",0.9864396999422966,,7.9,"{'total_photos': 8, 'total_ratings': 13, 'total_tips': 8}",3
131,50ffef49e4b00caa77337793,Manohar,23.237019,77.40025,"Asian Restaurant,",0.6105020196191575,2.0,,,3
132,4ff82ecce4b01a84ee0851e9,Ahuja Proteins,23.237019,77.40025,"Dessert Shop,",0.4088286208886324,1.0,,,3
133,528c488d498eb58b035b8fdf,New Inn Restaurant,23.237019,77.40025,"Asian Restaurant,",0.1465666474321985,2.0,,,3
134,5381a37b498e59fb623325f1,Kwality Restaurant,23.237019,77.40025,"Indian Restaurant,",0.9547028274668206,2.0,,,3
135,5303a0d711d2eac30b6389a7,HDFC Bank ATM,23.237019,77.40025,"ATM,",0.8237160992498558,,,,3
136,5a8832bc4420d81511413f2d,Shear Matrix Salon,23.237019,77.40025,"Health and Beauty Service,",0.8444893248701674,,,,3
137,4d64a0976d943704c7046dbf,Fabindia,23.237019,77.40025,"Clothing Store,Women's Store,",0.8701673398730525,,,,3
138,50dc383be4b0974a0ca0d948,Mrignayani,23.237019,77.40025,"Arts and Crafts Store,",0.9218118869013272,,,,3
139,4dfa5f67091abf6d19d637f0,Chawla's,23.237019,77.40025,"Asian Restaurant,",0.0178880553952683,2.0,,,3
140,51ca3d3a0c524e9c782c1e94,Rajendra Bhavan,23.243884,77.397579,"Retail,",,,,,4
141,67cb0df0b4ee491ff474a424,Gandhi Bhavan,23.243884,77.397579,"Retail,",,,,,4
142,14da31bec947402727282e74,Tailor,23.243884,77.397579,"Retail,",,,,,4
143,577df56f498ec5eb3e068581,Khushboo Park,23.243884,77.397579,"Park,",0.3739180611656088,,,,4
144,5128b4fae4b01d5802641e46,Bake N Shake,23.243884,77.397579,"Coffee Shop,",0.7642815926139642,1.0,,,4
145,51c4981d498ed8aad5ce9721,Danish Icecream Palour,23.243884,77.397579,"Ice Cream Parlor,",0.9163300634737448,1.0,,,4
146,51336900e4b063789a511ca4,Pizza inn,23.243884,77.397579,"Fast Food Restaurant,",0.520196191575303,1.0,,,4
147,d6c38791c33d49e5643bad18,V-Care Psychiatry and De-addiction Clinic,23.243884,77.397579,,,,,,4
148,f868fc5ea684481ed7109de6,Centre For Research and Industrial Staff Performance,23.243884,77.397579,"Plumber,",,,,,4
149,adafff3453604d7c813f9ea5,Central Bank of India,23.243884,77.397579,"Banking and Finance,",,,,,4
150,5048e02de4b06b90915b8205,Bada Talao,23.244284,77.387085,"Scenic Lookout,",0.428736295441431,,,,7
151,4cd1680dde0f6dcb18b57063,High Spirits Pub and Grill,23.244284,77.387085,"Bar,",0.63733410271206,3.0,,,7
152,4bd10f4f20cd996092af2e9e,Hotel Lake View Ashok,23.244284,77.387085,"Hotel,",0.9474899019042125,2.0,,,7
153,4d4ec8294f67224b0c406650,La Kuchina,23.244284,77.387085,"Restaurant,",0.9650894402769764,2.0,8.2,"{'total_photos': 9, 'total_ratings': 11, 'total_tips': 4}",7
154,517cd2cde4b0be989ba6633f,Zivaya Spa @ Lake View Ashok,23.244284,77.387085,"Spa,Hotel,",0.6803231390652048,,,,7
155,4ebe766793ad36d7a86fc812,Cafechino,23.244284,77.387085,"Café,",0.9803808424697056,1.0,8.0,"{'total_photos': 10, 'total_ratings': 11, 'total_tips': 1}",7
156,bce23d77c1624b0d319d5d56,Laziz,23.244284,77.387085,"Indian Restaurant,",,,,,7
157,829eb8f1a0a94724f33c5aa8,Tea Point Restaurant,23.244284,77.387085,"Restaurant,",,,,,7
158,44e8d170da254c1c4bec7e08,Cafe Cabana,23.244284,77.387085,"Cafes, Coffee, and Tea Houses,",,,,,7
159,34d245d06cbe41e621b1b0a2,China Town,23.244284,77.387085,"Asian Restaurant,",,,,,7
160,4e8720540aaf7a3a04b0297f,Cafe Coffee Day,23.242482,77.381173,"Coffee Shop,",0.9002791493899163,1.0,7.4,"{'total_photos': 22, 'total_ratings': 22, 'total_tips': 9}",4
161,4ef8287e2c5b0445016d2db0,Wind and Waves,23.242482,77.381173,"Bar,Indian Restaurant,",0.957887752461738,2.0,7.3,"{'total_photos': 10, 'total_ratings': 24, 'total_tips': 3}",4
162,4cbefd73020d4688a6af5f38,Boat Club,23.242482,77.381173,"Sports and Recreation,",0.9554392076979688,,,,4
163,9ca557d9041b49ffdeb48ec8,Indra Gandhi Rashtriya Manav Sangrahalay,23.242482,77.381173,"Historic and Protected Site,",,,,,4
164,58e26232d772f93b1353110d,"Goodricke Tea Pot, Lakeview",23.242482,77.381173,"Tea Room,",0.1473547253972288,2.0,,,4
165,64807b83eb77436f7ba7b138,Lehar Fast,23.242482,77.381173,"Restaurant,",,,,,4
166,67895b3f39824f5361418bc5,Lehar,23.242482,77.381173,"Restaurant,",,,,,4
167,52c9145f498e9d7e2e679427,Shyamla Hills,23.242482,77.381173,"Scenic Lookout,",0.9661110709992108,,,,4
168,162aa7a3eae143e16bad1393,Wind and Waves Restaurant,23.242482,77.381173,"Restaurant,",,,,,4
169,4f7d928ee4b0393e98be1840,Upper Lake,23.242482,77.381173,"Lake,",0.981168462602146,,,,4
170,5026793de4b0d0acd2800f5e,Bake N Shake,23.214601,77.435593,"Bakery,",0.9691286785920368,1.0,7.8,"{'total_photos': 16, 'total_ratings': 17, 'total_tips': 4}",4
171,4da00bc7bcc4a093f20108c9,10 Number Market,23.214601,77.435593,"Miscellaneous Store,",0.996537795729948,,7.3,"{'total_photos': 10, 'total_ratings': 27, 'total_tips': 7}",4
172,4fb26609e4b08d0716a34e71,Windz Cafe,23.214601,77.435593,"Café,",0.0481823427582227,1.0,7.1,"{'total_photos': 3, 'total_ratings': 11, 'total_tips': 2}",4
173,61d46a182b5bf02c2cc4a86a,Starbucks,23.214601,77.435593,"Coffee Shop,",0.9515291402192728,1.0,7.1,{'total_ratings': 0},4
174,4e424fe1aeb79367c7e5dd11,Fountain Head The Gift Shop,23.214601,77.435593,"Retail,",0.8214079630698211,,,,4
175,4db16c0ba86e63d2116a3e3f,Limelight,23.214601,77.435593,"Clothing Store,",0.7856318522792844,,,,4
176,4fc36252e4b0b469df7faffd,Studio Patidar,23.214601,77.435593,"Photography Lab,",0.2383150605885747,,,,4
177,520e02e4498eb761160dfc04,Bhartiyam Furnishings,23.214601,77.435593,"Furniture and Home Store,",0.6070398153491056,,,,4
178,4fca43c5e4b026db02aabc42,Amita's Delhi Darbar,23.214601,77.435593,"Bar,Asian Restaurant,",0.3329486439699942,2.0,,,4
179,510923ede4b0f42b08424e22,Archie Gallery Complex,23.214601,77.435593,"Business and Professional Services,",0.9425851125216388,,,,4
180,4de15b4263655ed7e3fbe5db,Hotel Jehanuma Palace,23.226349,77.392242,"Restaurant,",0.8167916907097519,2.0,8.1,"{'total_photos': 2, 'total_ratings': 16, 'total_tips': 6}",2
181,1ac3a872f85e4ab99fd66394,Vishnu Patidar,23.226349,77.392242,,,,,,2
182,ac97a601f9e244f49fe5676c,Supremo Tent Light Shop,23.226349,77.392242,"Retail,",,,,,2
183,3d2943965337487f512155a3,P and T Market,23.226349,77.392242,"Grocery Store / Supermarket,",,,,,2
184,5163fa39e4b037ac9f1d9eec,Jawahar chowk,23.226349,77.392242,"Convenience Store,",0.971725331794576,,,,2
185,4e3e350b1838cb1b82fbd8f7,Bhadbhada Dam Bridge,23.226349,77.392242,,0.0008655510675129,,,,2
186,58bf6725b41e405ac6d2b8ac,Bhagwati Pooja Store,23.226349,77.392242,"Retail,",,,,,2
187,413e550e863d4c0fdd89be8a,Door Flawours,23.226349,77.392242,"Restaurant,",,,,,2
188,efb125238ff243c2bb51a836,Dhan Shri Mobile,23.226349,77.392242,"Retail,",,,,,2
189,6955b8d592764407ab12315c,Global Trach Electric,23.226349,77.392242,"Retail,",,,,,2
190,5814987638fa00325aca40d1,Shaurya Smarak,23.237441,77.421214,"Other Great Outdoors,",0.3439122908251587,,,,2
191,ccde12ec59984dd9d539f5a7,Department of Information Technology,23.237441,77.421214,"Community and Government,",,,,,2
192,2fa16e211a8a45b22112dac2,National Informatics Centre,23.237441,77.421214,"Community and Government,",,,,,2
193,c487b081472c4fca0c07bbc6,State Bank Of India,23.237441,77.421214,"Bank,",,,,,2
194,44eb41b46f4c438c7c6650c7,Department of Micro Small and Medium Enterprises,23.237441,77.421214,"Community and Government,",,,,,2
195,3d63e9aed4a0435c777ca380,SBM Toilet,23.237441,77.421214,"Community and Government,",,,,,2
196,9d3a94dee1ce42e4c9a99a11,Principal Secretary of Energy Department,23.237441,77.421214,"Community and Government,",,,,,2
197,d9acdabe82b74df19fecb868,Pari Communication,23.237441,77.421214,"Retail,",,,,,2
198,8e6df3ebc8e248ed0d47e2b5,Auto Exchange,23.237441,77.421214,"Car Parts and Accessories,",,,,,2
199,4df07ed652b1faff63244d78,State Bank of India,23.237441,77.421214,,0.6096364685516446,,,,2
200,4de15b4263655ed7e3fbe5db,Hotel Jehanuma Palace,23.226139,77.386867,"Restaurant,",0.8167916907097519,2.0,8.1,"{'total_photos': 2, 'total_ratings': 16, 'total_tips': 6}",3
201,a6186cbe6f134c9c985d1926,Akhil Bharatiya Vidyarthi Parishad,23.226139,77.386867,"Community and Government,",,,,,3
202,4e410c3862e17b948c22df14,Kerela Ayurveda Massage Centre,23.226139,77.386867,"Drugstore,",0.1292556260819388,,,,3
203,4e40d7648877f7a2cf29ad1f,Central Bank Of India,23.226139,77.386867,"Bank,",0.1526255049047893,,,,3
204,4ed334b30aafd1869239a5ba,Picnik,23.226139,77.386867,"Fast Food Restaurant,",0.3193883439122908,1.0,,,3
205,4e3e350b1838cb1b82fbd8f7,Bhadbhada Dam Bridge,23.226139,77.386867,,0.0008655510675129,,,,3
206,4e410ce8ae60920b0174625f,Indraprasth Uniform Store,23.226139,77.386867,"Children's Clothing Store,",0.5735718407386036,,,,3
207,4de1540c63655ed7e3fbb321,Bharat Bhawan,23.226139,77.386867,"Art Gallery,",0.0175995383727639,,,,3
208,5163fa39e4b037ac9f1d9eec,Jawahar chowk,23.226139,77.386867,"Convenience Store,",0.971725331794576,,,,3
209,4def7927227170314ba3d195,Agrawal Jewellers,23.226139,77.386867,"Jewelry Store,",0.4512406231967686,,,,3
210,4f097233e4b0945c6bfb7bb7,Sair Sapata,23.216699,77.376212,"Tourist Information and Service,",0.5109636468551645,,6.5,"{'total_photos': 16, 'total_ratings': 9, 'total_tips': 3}",4
211,52a5ee30498e7eeb476c3390,Jehan Numa Retreat,23.216699,77.376212,"Hotel,",0.9421467464794346,2.0,8.4,"{'total_photos': 12, 'total_ratings': 14, 'total_tips': 7}",4
212,cf24587ab55944b5f38a5b86,Sair Sapata Restaurant,23.216699,77.376212,"Restaurant,",,,,,4
213,50f6b90de4b0771e56e1c23a,Sair Sapata,23.216699,77.376212,"Bridge,",0.3770917484131564,,,,4
214,510e9c83e4b04cfd3825069f,Greenwoods Country Club,23.216699,77.376212,"Indian Restaurant,",0.936526255049048,2.0,,,4
215,5d18be83c56f4800238d3f0b,Green House Bistro,23.216699,77.376212,"Bistro,",0.947201384881708,,,,4
216,56574f39498ea43ab84b7040,Hotel Saya Ji,23.216699,77.376212,"Restaurant,",0.7614948635738777,2.0,,,4
217,5a788cdfdd70c55df47ba10c,Under The Jamun Tree - Jehan Numa Retreat,23.216699,77.376212,"Multicuisine Indian Restaurant,",0.9028309869495704,,,,4
218,65df8d3a0f82462aec503b80,Chingari Restaurant and Fast Food,23.216699,77.376212,"Restaurant,",,,,,4
219,0457c0326b4d44c860dfc959,Alwesna Restaurant,23.216699,77.376212,"Restaurant,",,,,,4
220,7e674338358e415e85dda36c,Hindi Mail Bhawan,23.219139,77.413739,"Retail,",,,,,0
221,756605ed51844c4ea8e930e1,Bhai Ratan Kumar Bhavan,23.219139,77.413739,"Retail,",,,,,0
222,4a19b89863214260e9c142eb,Overnite Courier Services,23.219139,77.413739,"Retail,",,,,,0
223,f6684acc2bbf4f1a9295806e,Raj Car Decor,23.219139,77.413739,"Car Parts and Accessories,",,,,,0
224,65927cd3dbe846e7843417d6,Adarsh Enterprises,23.219139,77.413739,"Business and Professional Services,",,,,,0
225,1fc807cd28e74f023de06277,Chandan Book House,23.219139,77.413739,"Bookstore,",,,,,0
226,2fdc6419b2a8495a73ebcd52,Om Agencies,23.219139,77.413739,,,,,,0
227,5b61df48fd3642f64e765ccd,Sanjay Wool House,23.219139,77.413739,"Men's Store,",,,,,0
228,ec1c61f5c01b488ce0e4663e,Saico -Tech Services,23.219139,77.413739,"Print Store,",,,,,0
229,70e582892cca431b3d64b160,Ornatte,23.219139,77.413739,,,,,,0
230,4ef83cefbe7bb4784e410603,Tulsi,23.202557,77.425174,"Tea Room,",0.8286208886324293,2.0,,,4
231,4fbf89cbe4b07c0ab0556796,Shahpura Across Bridge,23.202557,77.425174,"Bridge,",0.4079630698211194,,,,4
232,4e53dc76b61c309d14fc7414,Concerto School Of Music,23.202557,77.425174,,0.1315637622619734,,,,4
233,4d3c51f7557d6dcbe2a53944,Rainbow Treat,23.202557,77.425174,"Restaurant,",0.4584535487593768,,,,4
234,6e1a866fee274c2e0fb24ff6,Hideaway Grill,23.202557,77.425174,"Restaurant,",,,,,4
235,b182a685e2374fda7a8ce7e1,Parshad Karyalaya 48 Nagar Nigam,23.202557,77.425174,"Community and Government,",,,,,4
236,2e60c357cfbc48486fd90edd,Baba Motorcycle Repair,23.202557,77.425174,"Car Parts and Accessories,",,,,,4
237,5766872b54694fbb13f187cd,MP Tourism - Rainbow Treat,23.202557,77.425174,"Restaurant,",,,,,4
238,4d3c57e0d625224baa3390fa,Manisha Market,23.202557,77.425174,"Grocery Store / Supermarket,",0.7919792267743797,,,,4
239,fc1e8499632047c99aa36a25,Shree Krishna Kripa Chinese,23.202557,77.425174,"Restaurant,",,,,,4
240,e1955f797cb34aefa4c43c9c,T M R Trading Company,23.217803,77.419776,"Retail,",,,,,3
241,5b347e52f77c47796ac05d00,Negi Automobile,23.217803,77.419776,"Car Parts and Accessories,",,,,,3
242,4e1573e6fa764fb14ae73fac,Domino's Pizza,23.217803,77.419776,"Pizzeria,Fast Food Restaurant,",0.9290248124639354,1.0,6.4,"{'total_photos': 1, 'total_ratings': 14, 'total_tips': 4}",3
243,c0d789869cd943a10ee50d4e,Madhya Pradesh Water Sector Restructuring Project,23.217803,77.419776,"Community and Government,",,,,,3
244,4e3cd23d1838cb1b82e894c8,Ekant Park,23.217803,77.419776,"Garden,",0.2106174264281592,,,,3
245,52412aeed0d24e2ef81ea67d,SBM Toilet,23.217803,77.419776,"Community and Government,",,,,,3
246,4fab9649e4b0381a48ca1f84,Amer Bakery Hut,23.217803,77.419776,"Bakery,",0.9645124062319675,1.0,8.3,"{'total_photos': 12, 'total_ratings': 25, 'total_tips': 12}",3
247,57ac2ead6e084a7d3d0a1b2d,Central Bureau of Investigation,23.217803,77.419776,"Community and Government,",,,,,3
248,bd3aa2a179f141be6c1a91a5,N Kemo Mobile,23.217803,77.419776,"Retail,",,,,,3
249,e35dc428cf9840d9d3c513d7,Jal Bihar,23.217803,77.419776,"Retail,",,,,,3
250,4d402101c1d4721e308c0dc7,Cafe Coffee Day,23.215321,77.426918,"Cafes, Coffee, and Tea Houses,",0.9711482977495672,1.0,7.2,"{'total_photos': 5, 'total_ratings': 18, 'total_tips': 1}",4
251,4fab9649e4b0381a48ca1f84,Amer Bakery Hut,23.215321,77.426918,"Bakery,",0.9645124062319675,1.0,8.3,"{'total_photos': 12, 'total_ratings': 25, 'total_tips': 12}",4
252,4e5108921f6eae4d252fd335,Coffee And U,23.215321,77.426918,"Hookah Bar,",0.3718984420080785,1.0,6.5,"{'total_photos': 2, 'total_ratings': 9, 'total_tips': 5}",4
253,4f9e1ec2e4b0edc562a59ff7,Regional Science Museum,23.215321,77.426918,"Science Museum,",0.0054818234275822,,,,4
254,4e2675d71520b50b9df687ce,Nokia Priority,23.215321,77.426918,"Electronics Store,",0.6774379688401616,,,,4
255,50a1f53ae4b09ea2f14db723,Nikky Bawa,23.215321,77.426918,"Health and Beauty Service,",0.6185804962492787,,,,4
256,54019be3498e07039e7f93e9,Dreamers,23.215321,77.426918,"Retail,",0.1909982688978649,,,,4
257,536dede9498e511da14df9ab,Cowboy Resto Lounge,23.215321,77.426918,"Lounge,Coffee Shop,Restaurant,",0.5210617426428159,3.0,,,4
258,4fad0d2de4b0bcc0c1828b09,Regional Museum of Natural History,23.215321,77.426918,"History Museum,",0.4668205424120023,,,,4
259,4eacf8462c5bb67b2370b340,HP Petrolium,23.215321,77.426918,,0.5441431044431622,,,,4
260,529099e111d2707e6e6d1729,KFC,23.217316,77.430646,"Fast Food Restaurant,",0.8586266589728794,1.0,6.4,{'total_ratings': 1},4
261,4fab9649e4b0381a48ca1f84,Amer Bakery Hut,23.217316,77.430646,"Bakery,",0.9645124062319675,1.0,8.3,"{'total_photos': 12, 'total_ratings': 25, 'total_tips': 12}",4
262,4faf6cc1e4b0fa27b8bdabda,Arjun Fitness Club,23.217316,77.430646,"Swimming Pool,",0.136468551644547,,,,4
263,567f759b498ed82c7fc7302d,Bhojpur Club Cricket Academy,23.217316,77.430646,"Trade School,",0.9157530294287364,,,,4
264,4e7b584e9a52927510ad45a7,"Vegetable market,bittan market",23.217316,77.430646,"Flea Market,",0.2700519330640508,,,,4
265,4faf6483e4b0afbb674ca993,Shear Genius (Matrix) Salon,23.217316,77.430646,"Health and Beauty Service,",0.949798038084247,,,,4
266,606d962da0616c4cad7be47a,Samsung SmartPlaza - Laxmi Electronics,23.217316,77.430646,"Electronics Store,",0.8880553952683208,,,,4
267,4d402101c1d4721e308c0dc7,Cafe Coffee Day,23.217316,77.430646,"Cafes, Coffee, and Tea Houses,",0.9711482977495672,1.0,7.2,"{'total_photos': 5, 'total_ratings': 18, 'total_tips': 1}",4
268,a5f7fe8885cf4d766e336eaf,Isha Collection,23.217316,77.430646,"Retail,",,,,,4
269,50e83869e4b03e443f34c2f5,Osh Kosh Shoppe,23.217316,77.430646,"Department Store,",0.376803231390652,,,,4
270,4e4015b145dd68e3275b078d,Vishal Mega Mart,23.236955,77.433214,"Department Store,",0.967397576457011,,,,6
271,557055a2498e88c3516ea337,I Like GOURMET,23.236955,77.433214,"Fast Food Restaurant,",0.9125793421811886,1.0,,,6
272,4e719dd4c65bae3784346735,Lotus,23.236955,77.433214,"Electronics Store,",0.0473167916907097,,,,6
273,4bd793d8304fce7294b833ab,Hotel Nisarga,23.236955,77.433214,"Hotel,",0.9714368147720716,2.0,7.0,"{'total_photos': 0, 'total_ratings': 9, 'total_tips': 1}",6
274,544fab5f498e22c6b909c9aa,Manohar Dairy and Restaurant,23.236955,77.433214,"Restaurant,",0.9887478361223312,1.0,7.3,"{'total_photos': 11, 'total_ratings': 8, 'total_tips': 3}",6
275,4d42c7ec1629b60c2d689a89,Bake 'n' Shake,23.236955,77.433214,"Bakery,Restaurant,",0.5963646855164455,1.0,7.8,"{'total_photos': 7, 'total_ratings': 17, 'total_tips': 9}",6
276,b1939ff3eba148e158f9818a,Nav Samvad,23.236955,77.433214,"Retail,",,,,,6
277,4db19b664df03036e8d2082e,D.B City Mall,23.236955,77.433214,"Department Store,",0.9942296595499136,,8.1,"{'total_photos': 13, 'total_ratings': 19, 'total_tips': 3}",6
278,5023afa6011cfeafe831ba17,Reliance Digital,23.236955,77.433214,"Retail,",0.6534910559723024,,,,6
279,4d4038f346775481cecd55f4,Milan Restaurant,23.236955,77.433214,"Asian Restaurant,",0.9676860934795152,2.0,7.5,"{'total_photos': 7, 'total_ratings': 9, 'total_tips': 4}",6
280,4d42c7ec1629b60c2d689a89,Bake 'n' Shake,23.233658,77.434393,"Bakery,Restaurant,",0.5963646855164455,1.0,7.8,"{'total_photos': 7, 'total_ratings': 17, 'total_tips': 9}",3
281,544fab5f498e22c6b909c9aa,Manohar Dairy and Restaurant,23.233658,77.434393,"Restaurant,",0.9887478361223312,1.0,7.3,"{'total_photos': 11, 'total_ratings': 8, 'total_tips': 3}",3
282,4d4038f346775481cecd55f4,Milan Restaurant,23.233658,77.434393,"Asian Restaurant,",0.9676860934795152,2.0,7.5,"{'total_photos': 7, 'total_ratings': 9, 'total_tips': 4}",3
283,4f8172cfe4b04cf789c0c2f2,Pizzahut,23.233658,77.434393,"Pizzeria,",0.6462781304096942,1.0,,,3
284,4e5605911838c793c07212ab,Jetwave Solutions Pvt. Ltd.,23.233658,77.434393,"Electronics Store,",0.1566647432198499,,,,3
285,52b5b48011d2cef32940b57b,Hotel Shree Vatika,23.233658,77.434393,"Hotel,",0.2296595499134449,,,,3
286,4e37f714d4c0dc7ad2eac58f,Ganesh Laptop House,23.233658,77.434393,"Electronics Store,",0.6852279284477785,,,,3
287,4d403885de17a0938226f66b,Jyoti Cineplex,23.233658,77.434393,"Movie Theater,",0.9463358338141952,,,,3
288,4e74bfa445ddd4323f696cc0,AirState Logistics P. Ltd.,23.233658,77.434393,"Miscellaneous Store,",0.5354875937680323,,,,3
289,4e3bf00362e19d61095934da,Brijwasi Sweets,23.233658,77.434393,"Dessert Shop,",0.1211771494518176,1.0,,,3
290,4e9bebe8722edf21e301ecf9,Pandit Ji,23.220998,77.403485,"Tobacco Store,",0.514137334102712,,,,4
291,5690d08c38faabbd0eb6789a,Club House - Rivera Town,23.220998,77.403485,"Recreation Center,",0.8542989036353145,,,,4
292,df30de380919450c65aa96be,Riviera Club House,23.220998,77.403485,"Sports and Recreation,",,,,,4
293,50407482e4b06c0c2b26d81c,Riwere Town,23.220998,77.403485,,0.3407386035776111,,,,4
294,4e3ff74752b1a04aff37daca,Mark General,23.220998,77.403485,"Electronics Store,",0.2008078476630121,,,,4
295,808490f962ad4cfce27dd4a5,Fundamental Associates of Engineers,23.220998,77.403485,"Retail,",,,,,4
296,fbb0781426ad4fe072cf269d,Shakil Scooter Garage,23.220998,77.403485,"Car Parts and Accessories,",,,,,4
297,437ed3add1154e7660d153b8,Asha Kirana Store,23.220998,77.403485,"Retail,",,,,,4
298,4562f986e98b49a4a509ee6c,Goodwill Automobiles,23.220998,77.403485,"Car Parts and Accessories,",,,,,4
299,540314735c194fa3d959d4df,Vansa Beauty Salon and Training School,23.220998,77.403485,"Hair Salon,",,,,,4
300,3c8098da7c894a5f79951746,Malva Namkeen Centre,23.216004,77.395599,"Retail,",,,,,4
301,b98f499a0e9540d2664d9feb,Shiv Chat Centre,23.216004,77.395599,"Restaurant,",,,,,4
302,e8df132542e94be38042caae,Vishnu Studio,23.216004,77.395599,"Retail,",,,,,4
303,87b7e34abeb84ec77edd324f,Bhardowaj Book Shop,23.216004,77.395599,"Retail,",,,,,4
304,23bb1ff7c12341a1665e8272,Soni Beauty Parlour,23.216004,77.395599,"Retail,",,,,,4
305,17b9be18b2ff48e0360de29a,Vishwakarma Tailor and Sports Man Wear,23.216004,77.395599,"Retail,",,,,,4
306,4f75ec48e4b0e09b8b5d2a78,Top N Town,23.216004,77.395599,"Ice Cream Parlor,Restaurant,",0.4336410848240046,1.0,,,4
307,4f6601b4e4b08b4770ca5480,Tapti Resturant,23.216004,77.395599,"Asian Restaurant,",0.1318522792844778,2.0,,,4
308,9c69cdfc703c4435d5c6b063,Kavya Electricals,23.216004,77.395599,"Retail,",,,,,4
309,1e1267c16c2a4dba33965b88,AK Traders,23.216004,77.395599,"Retail,",,,,,4
310,4db19b664df03036e8d2082e,D.B City Mall,23.232933,77.430657,"Department Store,",0.9942296595499136,,8.1,"{'total_photos': 13, 'total_ratings': 19, 'total_tips': 3}",4
311,4e0d8090a8099e1525ff8ba7,10 Downing Street,23.232933,77.430657,"Indian Restaurant,",0.3845931909982689,1.0,8.0,"{'total_photos': 11, 'total_ratings': 35, 'total_tips': 9}",4
312,4e2e82f6aeb7e1b8af9b8ece,McDonald's,23.232933,77.430657,"Burger Joint,Fast Food Restaurant,",0.93133294864397,1.0,7.6,"{'total_photos': 4, 'total_ratings': 19, 'total_tips': 5}",4
313,4cce8f263cb6b71397cbc3c8,DB City Mall,23.232933,77.430657,"Shopping Mall,",0.9593190998268898,,7.5,"{'total_photos': 71, 'total_ratings': 120, 'total_tips': 34}",4
314,4f16ea98e4b0d3f8aae096da,Pizza Hut,23.232933,77.430657,"Pizzeria,Fast Food Restaurant,",0.0620311598384304,1.0,7.3,"{'total_photos': 4, 'total_ratings': 16, 'total_tips': 6}",4
315,5b9f7d795d891b002c18f310,Cinépolis - Db Mall,23.232933,77.430657,"Movie Theater,",0.9160415464512406,,7.4,"{'total_photos': 4, 'total_ratings': 0}",4
316,514f08c0e4b02f70e1a0cd29,Eclair-The Bake Shop,23.232933,77.430657,"Bakery,Restaurant,",0.6543566070398154,1.0,6.8,"{'total_photos': 4, 'total_ratings': 8, 'total_tips': 1}",4
317,4f801e3de4b06fa515eefb2a,KFC,23.232933,77.430657,"Fast Food Restaurant,",0.948066935949221,1.0,6.4,"{'total_photos': 5, 'total_ratings': 9, 'total_tips': 1}",4
318,617d40e52cbfff47a810783e,Atmosphere,23.232933,77.430657,"Café,",0.1713791113675707,1.0,,,4
319,5b9d5fb5898bdc002c57b7ee,Drinkx Exchange,23.232933,77.430657,"Cocktail Bar,",0.8747836122331217,3.0,,,4
320,ea85de6ab0fb4329012a05db,Karbla Maidan,23.259188,77.382371,"Community and Government,",,,,,4
321,30c99f5718bf45b243e58b0b,Dharkarbala Samiti,23.259188,77.382371,"Retail,",,,,,4
322,4e81761cb8f76bc19bbc7248,Pachmarhi,23.259188,77.382371,"Other Great Outdoors,",0.0617426428159261,,,,4
323,5123b4fde4b0d6fcd490dba2,Colva beach,23.259188,77.382371,"Beach,",0.1607039815349105,,,,4
324,5a146d28a6e4449c6185d0a2,Uzair Qureshi,23.259188,77.382371,,,,,,4
325,abdd9bb4e4844dcc4e21e079,Real Auto and Property Deal,23.259188,77.382371,"Car Parts and Accessories,",,,,,4
326,3b779a04c78c48bb4bb474e6,Faaz General and Kirana Store,23.259188,77.382371,"Retail,",,,,,4
327,79a4b27988ee4b18322892c1,Apna Auto Deal,23.259188,77.382371,"Car Parts and Accessories,",,,,,4
328,8339e850c72f4e652fd2a4ae,Purana Sachivalay Karbala,23.259188,77.382371,"Community and Government,",,,,,4
329,a0603f90209a44b690c8f5b1,Al Beik,23.259188,77.382371,"Restaurant,",,,,,4
330,60edf42f9e4af1478548360a,"Tata Motors Cars Showroom - Varenyam Motor Car, Hoshangabad Road",23.178502,77.45811,"Car Dealership,",0.2686093479515291,,,,6
331,43c829f2cc7a45f6b0ef3d40,Rasoi Restaurant,23.178502,77.45811,"Restaurant,",,,,,6
332,4fb521f0e4b008453f15ce84,Vrindaban Dhaba,23.178502,77.45811,"Restaurant,",0.4933641084824005,2.0,,,6
333,7b601f9af6c445322d8b8fb9,Pixel Photo Studio,23.178502,77.45811,"Retail,",,,,,6
334,80219acdfaf643c5cdbbcd28,General Shop,23.178502,77.45811,"Retail,",,,,,6
335,1baa44dfc86544c1cbcbcafe,The Banana Tree Restaurant,23.178502,77.45811,"Restaurant,",,,,,6
336,39ae034066614e601a3999ce,Eye Care Centre,23.178502,77.45811,"Retail,",,,,,6
337,efd9e619e4f54957a1d68b11,Kotgikhar Pathology Centre,23.178502,77.45811,"Retail,",,,,,6
338,5f780b79825d4c9cc98899bc,Friends Ship Coffee House,23.178502,77.45811,"Restaurant,",,,,,6
339,896dcaac31b243819a09a3ce,Kesar Enterprises,23.178502,77.45811,"Retail,",,,,,6
340,4fbde250e4b096dc0aa497e0,Cinépolis - Aashima Mall,23.183357,77.454548,"Movie Theater,",0.9316214656664744,,7.2,"{'total_photos': 9, 'total_ratings': 48, 'total_tips': 9}",2
341,5288a15711d2f9416c40bde8,U S Pizza - aashima,23.183357,77.454548,"Pizzeria,",0.1428159261396422,1.0,,,2
342,4f794c06e4b0633649494632,Aashima Mall,23.183357,77.454548,"Plaza,",0.9933641084824004,,7.0,"{'total_photos': 7, 'total_ratings': 19, 'total_tips': 5}",2
343,60f25371d8b0f9012e745bfa,Royal Enfield Showroom - Loya Motors,23.183357,77.454548,"Motorcycle Dealership,",0.5323139065204847,,,,2
344,55d701d3498e54f22595f029,Extreme Sports Bar and Grill,23.183357,77.454548,"Sports Bar,",0.448932487016734,1.0,,,2
345,544f4726498eef66b25eb29c,"Sheesha, The Sky Lounge, Aashima Mall",23.183357,77.454548,"Lounge,",0.1468551644547028,3.0,,,2
346,4fb0a6c7e4b0afbb67b325e7,Reliance Mart - Aashima Mall,23.183357,77.454548,"Retail,",0.0057703404500865,,,,2
347,4fdd9b4ee4b08d627a95a8d9,Brownie Point,23.183357,77.454548,"Bakery,",0.7106174264281593,1.0,,,2
348,4fbde342e4b02f0da7501348,Aashima -Food Court,23.183357,77.454548,"Food Court,",0.1174264281592614,,,,2
349,504369b1e4b055ecd3c41ed4,Top N Town,23.183357,77.454548,"Ice Cream Parlor,Restaurant,",0.4835545297172533,1.0,,,2
350,8b8ec667e6434017650d9e85,Nagar Nigam Ward 55,23.231783,77.457842,"Retail,",,,,,4
351,62aa679a357544299601155b,Bhopal Smart City Development Corporation Ltd.,23.231783,77.457842,"Community and Government,",,,,,4
352,681ff2bb8eac4e22af6b8f2f,Bhopal Municipal Corporation Zone 14,23.231783,77.457842,"Community and Government,",,,,,4
353,f3059095147846376f43052a,Nagriya Vidyut Vibhag,23.231783,77.457842,"Retail,",,,,,4
354,e54733c459074f29df0a4bb7,N 6 Bangle,23.231783,77.457842,"Retail,",,,,,4
355,2c4ed814a5d24080e5968a5b,Tatpar Petroleum,23.231783,77.457842,"Car Parts and Accessories,",,,,,4
356,74f78929932e44c200056430,Fast Food Corner,23.231783,77.457842,"Retail,",,,,,4
357,f7074d178c1f4294fb397fdf,Kirana Store,23.231783,77.457842,"Retail,",,,,,4
358,0cc149cc5c3a49bc7040dfc5,Sanche Milk Dairy,23.231783,77.457842,"Retail,",,,,,4
359,00d7009d95254589e07cbdd9,Pwd Office,23.231783,77.457842,"Community and Government,",,,,,4
360,4e51316581dcf21a878f42d8,Kaya Skin Clinic,23.210056,77.431175,"Cosmetics Store,",0.051067512983266,,,,4
361,153d3e3e8ad546e8e8fd7d6b,Saurabh Kirana Shop,23.210056,77.431175,"Retail,",,,,,4
362,4e67942dfa76f38efb2c4fa8,Taj Ribah,23.210056,77.431175,"Indian Restaurant,",0.8081361800346221,2.0,,,4
363,4e2d534752b1b8f1987410de,Fast Track Store,23.210056,77.431175,"Fashion Accessories Store,",0.7518753606462781,,,,4
364,4e6cc8baae603c15efc44966,Mahesh Kirana Store,23.210056,77.431175,"Retail,",0.4019042123485286,,,,4
365,4e69c576c65b5bef2817b800,Krishna Motors,23.210056,77.431175,"Automotive Retail,",0.4223889209463358,,,,4
366,4e57c5e1c65b219786a1a526,Chin Chin,23.210056,77.431175,"Chinese Restaurant,",0.6860934795152914,1.0,,,4
367,4c11b26537024665df09b608,Manpower Solutions And Service Links,23.210056,77.431175,,,,,,4
368,4e22b047c65b2b5e3553cc84,Kaliyasout Dam,23.210056,77.431175,"Lake,",0.7862088863242931,,,,4
369,4eae59a5f7906795c411406a,Hanuman Mandir,23.210056,77.431175,"Hindu Temple,",0.7475476053087132,,,,4
370,5026793de4b0d0acd2800f5e,Bake N Shake,23.212206,77.437242,"Bakery,",0.9691286785920368,1.0,7.8,"{'total_photos': 16, 'total_ratings': 17, 'total_tips': 4}",3
371,5127b21fe4b012f8612e5fa2,Laziz Hakeem Hotel,23.212206,77.437242,"Indian Restaurant,",0.2181188690132718,2.0,,,3
372,4da00bc7bcc4a093f20108c9,10 Number Market,23.212206,77.437242,"Miscellaneous Store,",0.996537795729948,,7.3,"{'total_photos': 10, 'total_ratings': 27, 'total_tips': 7}",3
373,4fb26609e4b08d0716a34e71,Windz Cafe,23.212206,77.437242,"Café,",0.0481823427582227,1.0,7.1,"{'total_photos': 3, 'total_ratings': 11, 'total_tips': 2}",3
374,508bd576e4b0cc3703975ed6,Manjeet Collection,23.212206,77.437242,"Children's Clothing Store,",0.8571840738603578,,,,3
375,61d46a182b5bf02c2cc4a86a,Starbucks,23.212206,77.437242,"Coffee Shop,",0.9515291402192728,1.0,7.1,{'total_ratings': 0},3
376,535b7ad5498e7dc631fee9a1,Kasba,23.212206,77.437242,"Restaurant,",0.190132717830352,2.0,,,3
377,c2de18a27d994ba9608f6949,Hi Style Boutique,23.212206,77.437242,"Retail,",,,,,3
378,4e6db775fa768e6cee304d5b,Asha Niketan Hospital,23.212206,77.437242,"Health and Medicine,",0.5825158684362377,,,,3
379,7ae6cfbaa0724bdfae82108f,Astha Vinayak Corporation,23.212206,77.437242,"Retail,",,,,,3
380,62d2788bd704df641f614269,Zudio,23.164564,77.467552,"Clothing Store,",0.9022828834610298,,,,6
381,5207936c11d21d83cfacd53b,Life Style,23.164564,77.467552,"Clothing Store,",0.5852414510213851,,,,6
382,62caaf67c7b9325eb116ed65,The Mah Store,23.164564,77.467552,"Clothing Store,",0.2693556067357013,,,,6
383,51408daee4b05b1de9f38b20,C21 Mall,23.164564,77.467552,"Shopping Mall,",0.9472528882014748,,5.4,"{'total_photos': 7, 'total_ratings': 13, 'total_tips': 3}",6
384,620baae8e3e27a21495fa04c,ONLY,23.164564,77.467552,"Clothing Store,",0.5027771358351121,,,,6
385,524da06011d2d4160c436ffc,United Colors of Benetton,23.164564,77.467552,"Clothing Store,",0.6974772348555084,,,,6
386,5c138f8058002c002c7cd71c,HandM,23.164564,77.467552,"Clothing Store,",0.9197069651592972,,,,6
387,9724b509c7f74d37997ba798,Lifestyle,23.164564,77.467552,"Retail,",,,,,6
388,168526a2c6fe4c479285b600,Branded Furniture Shop,23.164564,77.467552,"Retail,",,,,,6
389,ae96a7deb5e54d4ce583a82d,Pantaloons,23.164564,77.467552,"Clothing Store,",,,,,6
390,4e842e8e7ee654e03146557a,Tata Mechmen Motors,23.171014,77.462352,,0.2899596076168494,,,,4
391,4e45388162e148603b61015f,Ranjit's Golden Oak Resort,23.171014,77.462352,,0.2446624350836699,,,,4
392,2ed30ed30e0446a59796e223,Deepak Hair Cutting Salon,23.171014,77.462352,"Retail,",,,,,4
393,69004b4f3bb742b0b6905bf5,Maa Vaishno Atta Chakki,23.171014,77.462352,"Retail,",,,,,4
394,56847aeca52a4afc33629363,Akashdip Hair Cutting Salon,23.171014,77.462352,"Retail,",,,,,4
395,0dd38628571948ca3d578599,Man Bhawan Batteries,23.171014,77.462352,"Retail,",,,,,4
396,cec80dd556ce4965964ef884,Chandra Vijay Electronics,23.171014,77.462352,"Retail,",,,,,4
397,d0dfeee1ec3e43128511dd76,Meena Tent House,23.171014,77.462352,"Retail,",,,,,4
398,5172b407e4b021698ba8f454,Ranjeet Golden Oaks,23.171014,77.462352,"Indian Restaurant,",0.9166185804962492,2.0,,,4
399,bf5087b2d4a646f374eb38eb,Honda Power Honda Two Wheeler Service Centre,23.171014,77.462352,"Automotive Repair Shop,",,,,,4
400,52a5ee30498e7eeb476c3390,Jehan Numa Retreat,23.217862,77.369535,"Hotel,",0.9421467464794346,2.0,8.4,"{'total_photos': 12, 'total_ratings': 14, 'total_tips': 7}",3
401,5a788cdfdd70c55df47ba10c,Under The Jamun Tree - Jehan Numa Retreat,23.217862,77.369535,"Multicuisine Indian Restaurant,",0.9028309869495704,,,,3
402,f14fe796d6a848fb29bbc626,Wild Cafe,23.217862,77.369535,"Café,",,,,,3
403,985072a14f0145e0e9b52840,Green Woods,23.217862,77.369535,"Restaurant,",,,,,3
404,5d18be83c56f4800238d3f0b,Green House Bistro,23.217862,77.369535,"Bistro,",0.947201384881708,,,,3
405,56574f39498ea43ab84b7040,Hotel Saya Ji,23.217862,77.369535,"Restaurant,",0.7614948635738777,2.0,,,3
406,58d6c7ebf47945258de42b85,Under The Jamun Tree,23.217862,77.369535,"Indian Restaurant,",,,,,3
407,81cde817cb884ba75c44a4e0,Coriander Leaf,23.217862,77.369535,"Indian Restaurant,",,,,,3
408,510e9c83e4b04cfd3825069f,Greenwoods Country Club,23.217862,77.369535,"Indian Restaurant,",0.936526255049048,2.0,,,3
409,4f097233e4b0945c6bfb7bb7,Sair Sapata,23.217862,77.369535,"Tourist Information and Service,",0.5109636468551645,,6.5,"{'total_photos': 16, 'total_ratings': 9, 'total_tips': 3}",3
410,51486f5de4b081f1e62bc339,Lower Lake,23.243731,77.410401,"Lake,",0.9512406231967686,,,,3
411,617515500d4b290432d19980,The Crown Of,23.243731,77.410401,"Mughlai Restaurant,",0.086266589728794,,,,3
412,a5d73cc9489f4b269d951157,Sagar Jalpan Grah,23.243731,77.410401,"Retail,",,,,,3
413,24d6c31e508a4fe9266c523c,Ashok Laundry,23.243731,77.410401,"Retail,",,,,,3
414,04d1fab8305a4ba7a1d0e8bf,Masjid Tope Khana,23.243731,77.410401,"Community and Government,",,,,,3
415,44298d08ed7344fd2f333500,Registration Office,23.243731,77.410401,"Community and Government,",,,,,3
416,34e686433e9740c95b5dfeb1,Jyoti Laundry,23.243731,77.410401,"Retail,",,,,,3
417,ce5ca4bdc03640546ec8128b,Sohal Trading Company,23.243731,77.410401,"Manufacturer,",,,,,3
418,dc435a53b92a421ba11aef3e,Indian Overseas Bank,23.243731,77.410401,"Banking and Finance,",,,,,3
419,630b3cc110754628b51af378,Indian Coffee House,23.243731,77.410401,"Coffee Shop,",0.9342181188690132,1.0,,,3
420,5f1e93189bb4458efb5c8f0d,STD Booth,23.279566,77.392904,"Retail,",,,,,2
421,a645a93bf37c4ce6ea70d764,Inimitable Technologies and Design Studios,23.279566,77.392904,,,,,,2
422,8686087e372a4d5653119fb3,Jai Shankar Pan Bhandar,23.279566,77.392904,"Retail,",,,,,2
423,80ba4bb61ced4ece0bcae1b7,Eshwar Kirana Store,23.279566,77.392904,"Retail,",,,,,2
424,e41c9185a42e42dc26bf1207,Chitrans Radio and Electricals,23.279566,77.392904,"Retail,",,,,,2
425,b42e8db2af06419ee9fd219c,New Kapil Bike Garage,23.279566,77.392904,"Car Parts and Accessories,",,,,,2
426,e05038935be4435656abff86,Rosevilla Herbal Beauty Parlour,23.279566,77.392904,"Retail,",,,,,2
427,816807a8c44840b562b11d60,Shree Singarika Herbal Beauty Parlour,23.279566,77.392904,"Retail,",,,,,2
428,56839283e75c466a18c75d8f,Umera Milk Dairy,23.279566,77.392904,"Food and Beverage Retail,",,,,,2
429,29b098070daa417c9bc3ef0a,Tower Light Decorators,23.279566,77.392904,"Retail,",,,,,2
430,58e4f4e604f4d77bb02d58e9,Chanchal Sweets and Restaurant,23.272229,77.341134,"Bakery,",0.1653041934773949,1.0,,,2
431,11647560ea034499a7235796,Khushi General Store,23.272229,77.341134,"Retail,",,,,,2
432,431a43abbbfa4340515524ae,Shriram Market,23.272229,77.341134,"Grocery Store / Supermarket,",,,,,2
433,cbab3599f68645398fab02d8,Mansarovar Furnishing Shop,23.272229,77.341134,"Retail,",,,,,2
434,31f15c915eb54c9f1dfd0679,Balaji Textile,23.272229,77.341134,"Retail,",,,,,2
435,42278d870a8a4e294e7fc09e,Hitesh Kumar Goverdhan Das Cloth Wholesaler,23.272229,77.341134,"Retail,",,,,,2
436,f2dac95ff72947d838bff0e0,Neeraj Collection,23.272229,77.341134,"Retail,",,,,,2
437,c412398b5c994bf6d2e78515,Jeevan Roop Textiles,23.272229,77.341134,"Retail,",,,,,2
438,8dcffb4590614e7d0a3f950e,RK Photocopy,23.272229,77.341134,"Retail,",,,,,2
439,31adadaf95444ab513af6c33,Anil Hair Cutting Salon,23.272229,77.341134,"Retail,",,,,,2
440,4e9112c89adf26eeba46acca,Raju Tea Stall,23.257121,77.391814,"Tea Room,",0.9904789382573572,2.0,8.2,"{'total_photos': 17, 'total_ratings': 24, 'total_tips': 7}",3
441,4e74d2e7d1643f93b1a2f29e,Retghat Parking,23.257121,77.391814,"Race Track,",0.3462204270051933,,,,3
442,3d49e63f6bae4344cb558c3c,Sagar Gaire,23.257121,77.391814,"Fast Food Restaurant,",,,,,3
443,4db926e7fa8c978590c8fb84,Waseems Touch Of Joy,23.257121,77.391814,"Health and Beauty Service,",0.6459896133871899,,,,3
444,5889fb8224fd716de0404bbd,Shahi Jamil Hotel,23.257121,77.391814,"Restaurant,",0.2085978072706289,2.0,,,3
445,4e58e07c62e1de72f6e9191b,Rajdhani DB Mall,23.257121,77.391814,"Food Court,",0.5100980957876514,,,,3
446,5236c72f11d25eb29832fc64,Wonder Bread,23.257121,77.391814,"Bakery,",0.8684362377380266,1.0,,,3
447,5166a7dfe4b068af5b9c372d,Ruby cold drinks,23.257121,77.391814,"Juice Bar,",0.7801500288517023,1.0,,,3
448,50c66aeae4b0e8ae0adf0828,Jahanuma palace,23.257121,77.391814,"Asian Restaurant,",0.1840738603577611,2.0,,,3
449,ebd078df5232444d56eeb50b,State Bank Of India,23.257121,77.391814,"Bank,",,,,,3
450,4eae59a5f7906795c411406a,Hanuman Mandir,23.206999,77.434549,"Hindu Temple,",0.7475476053087132,,,,3
451,4e3a4a1062e10c0843d4f58b,Sagar Gere Fast Food,23.206999,77.434549,"Fast Food Restaurant,",0.8707443739180611,1.0,,,3
452,4e67942dfa76f38efb2c4fa8,Taj Ribah,23.206999,77.434549,"Indian Restaurant,",0.8081361800346221,2.0,,,3
453,4e2d534752b1b8f1987410de,Fast Track Store,23.206999,77.434549,"Fashion Accessories Store,",0.7518753606462781,,,,3
454,4e22b047c65b2b5e3553cc84,Kaliyasout Dam,23.206999,77.434549,"Lake,",0.7862088863242931,,,,3
455,4e6cc8baae603c15efc44966,Mahesh Kirana Store,23.206999,77.434549,"Retail,",0.4019042123485286,,,,3
456,4e69c576c65b5bef2817b800,Krishna Motors,23.206999,77.434549,"Automotive Retail,",0.4223889209463358,,,,3
457,4e57c5e1c65b219786a1a526,Chin Chin,23.206999,77.434549,"Chinese Restaurant,",0.6860934795152914,1.0,,,3
458,51a988f7498e1641da5c7e31,11 Number Market,23.206999,77.434549,"Grocery Store / Supermarket,",0.2031159838430467,,,,3
459,bbb8174543564eae2bffaac3,Mobile Shopee,23.206999,77.434549,"Retail,",,,,,3
460,0263f189d33f4c59fe70c7c6,Spiral Binding,23.218677,77.456526,"Retail,",,,,,4
461,988eeea73b4e4179381e4cf7,Shiv Shakti Electrical,23.218677,77.456526,"Retail,",,,,,4
462,068e0368721e4bf4783c0959,Suvidha Communication,23.218677,77.456526,"Retail,",,,,,4
463,97ca800d1a644622063e1cb6,Mk Dry Cleaners,23.218677,77.456526,"Retail,",,,,,4
464,9088e40fa1054a2bbbe154d1,Sinha Book Centre,23.218677,77.456526,"Retail,",,,,,4
465,6269c072696846dec700fcd3,Sairaj Cyber Cafe,23.218677,77.456526,"Retail,",,,,,4
466,c3594c851f154b1ccd0e18d1,Shri Guru Kripa Atta Chakki,23.218677,77.456526,"Retail,",,,,,4
467,98033b052d58442fc77df57a,Guru Nanak Readymade Garment and Hosiery,23.218677,77.456526,"Retail,",,,,,4
468,368974d0f7fe46092f53c46d,Shri Jaya Jeweller,23.218677,77.456526,"Retail,",,,,,4
469,993daf22127a42212f75d71c,Naman Appliances,23.218677,77.456526,"Retail,",,,,,4
470,5759e8e5bfa0490455205d28,Ideal Gents Hair Parlour,23.217937,77.450672,"Retail,",,,,,2
471,fdf5febc488a4c744d38121e,Goldi Cold Drings,23.217937,77.450672,"Retail,",,,,,2
472,1cfde849780741fa3342d871,Goldi Std Pco,23.217937,77.450672,"Retail,",,,,,2
473,5b431edc6a0440679c62db64,Prince Electricals,23.217937,77.450672,"Retail,",,,,,2
474,9d47f8129e2c497b385eb4e4,Shree Agrawal Store,23.217937,77.450672,"Retail,",,,,,2
475,6885a0803e914e78c68826f6,Manoj Mobile Repairing,23.217937,77.450672,"Retail,",,,,,2
476,1b84b8f809ed4751a4be86b8,Vatika Bhojanalay,23.217937,77.450672,"Restaurant,",,,,,2
477,998ae355878a4cc021d27a6c,Manoj Gift Centre,23.217937,77.450672,"Retail,",,,,,2
478,f4f40cdd7b0845dbd59c85f4,Khandewaal Flour Mill,23.217937,77.450672,"Retail,",,,,,2
479,a828187be27f430a9da6a7e6,Arun South Indian,23.217937,77.450672,"Restaurant,",,,,,2
480,58dda222bdd54da417562f3f,Police Post,23.210729,77.452595,"Law Enforcement and Public Safety,",,,,,2
481,8a90ea8960664e9af9badc8a,Ravi Hair Dresser,23.210729,77.452595,"Retail,",,,,,2
482,5b24a9f1a77946c8584e63e5,Abhishek Dry and Dry Clean,23.210729,77.452595,"Retail,",,,,,2
483,3c4f681924d54b65e080035b,Shri Sai Bhog Bhojanalay Tiffin Centre,23.210729,77.452595,"Restaurant,",,,,,2
484,25f47436039d493e7755ec70,Pandit Deen Dayal Smarit Udhyan,23.210729,77.452595,"Retail,",,,,,2
485,9723934ad9d0447b72a6959f,Priya Beauty Parlour,23.210729,77.452595,"Retail,",,,,,2
486,867f91df99f64adea7bf3bcb,Govind Dry Clean,23.210729,77.452595,"Retail,",,,,,2
487,89b5d94009b9451793082e8d,Bhaktiya Electronics,23.210729,77.452595,"Retail,",,,,,2
488,30a84109cee1445debc5ba53,Deepak Sachi Parlour,23.210729,77.452595,"Retail,",,,,,2
489,13be154999f643e691b087df,Oriental Bank of Commerce Saket Nagar Branch,23.210729,77.452595,"Banking and Finance,",,,,,2
490,8d742fef1d8341a220851a2b,Om Leisure Tours and Travels Pvt. Ltd.,23.219664,77.436446,"Travel and Transportation,",,,,,3
491,50de8cede4b0a6d1bd978156,Bank Of India,23.219664,77.436446,"Bank,",0.1110790536641661,,,,3
492,c0d7fdec84de4afbecf2ec78,Pukhraj Bar and Restaurant,23.219664,77.436446,"Restaurant,",,,,,3
493,4d13550e37f1236a9b77801b,Sagar Gaire,23.219664,77.436446,"Fast Food Restaurant,Indian Restaurant,",0.9763416041546452,2.0,7.2,"{'total_photos': 4, 'total_ratings': 31, 'total_tips': 19}",3
494,894f3816fbd5406baea0c90d,Pizza Plus,23.219664,77.436446,"Fast Food Restaurant,",,,,,3
495,5bea129ff05ca8002e903080,IDFC FIRST Bank,23.219664,77.436446,"Bank,",0.3485285631852279,,,,3
496,50841113e4b03db17723c031,Old Campion Cricket Ground,23.219664,77.436446,"Stadium,",0.5796306982111945,,,,3
497,6176c59c4362d943b1fb1bdc,Fabindia,23.219664,77.436446,"Clothing Store,",0.7348528563185228,,,,3
498,50387dc3e4b047310ccd0111,Hdfc Bank,23.219664,77.436446,"Bank,",0.6058857472590883,,,,3
499,5026793de4b0d0acd2800f5e,Bake N Shake,23.219664,77.436446,"Bakery,",0.9691286785920368,1.0,7.8,"{'total_photos': 16, 'total_ratings': 17, 'total_tips': 4}",3
500,b50e7f78744643644c2e180f,ICICI Bank Airport Road Branch,23.286264,77.354467,"Banking and Finance,",,,,,4
501,a626ab2b0f594556678497b7,State Bank of India ATM,23.286264,77.354467,"ATM,",,,,,4
502,b884c09e118f489339315750,Saisa Buri Urja Pvt. Ltd.,23.286264,77.354467,"Retail,",,,,,4
503,6076d8f5f06243b43e4f7f40,Yodhasthal,23.286264,77.354467,"Museum,",,,,,4
504,a9db20746f5e4056a3d1bc11,Jem Centre,23.286264,77.354467,"Retail,",,,,,4
505,4e776ab4aeb780be0b151f28,Route 12,23.286264,77.354467,,0.6783035199076746,,,,4
506,0013b06909d84648d07e7505,Nai Dilli,23.286264,77.354467,"Indian Restaurant,",,,,,4
507,c8616ff93e534ba949ba2458,Realty Guru Consultants Pvt. Ltd.,23.286264,77.354467,"Business and Strategy Consulting Office,",,,,,4
508,64bda078f876439774aa391e,Carnival Lawn,23.286264,77.354467,"Indian Restaurant,",,,,,4
509,48673940b2564ca53f92091e,Cloud 9,23.286264,77.354467,"Asian Restaurant,",,,,,4
510,4e45388162e148603b61015f,Ranjit's Golden Oak Resort,23.171723,77.462311,,0.2446624350836699,,,,4
511,5172b407e4b021698ba8f454,Ranjeet Golden Oaks,23.171723,77.462311,"Indian Restaurant,",0.9166185804962492,2.0,,,4
512,b033d461332f473c9ba45f6b,Vasundhara Dhaba,23.171723,77.462311,"Restaurant,",,,,,4
513,4e842e8e7ee654e03146557a,Tata Mechmen Motors,23.171723,77.462311,,0.2899596076168494,,,,4
514,7d216e68144444d00befb8b4,Basundhara Garden,23.171723,77.462311,"Park,",,,,,4
515,bf5087b2d4a646f374eb38eb,Honda Power Honda Two Wheeler Service Centre,23.171723,77.462311,"Automotive Repair Shop,",,,,,4
516,2ed30ed30e0446a59796e223,Deepak Hair Cutting Salon,23.171723,77.462311,"Retail,",,,,,4
517,69004b4f3bb742b0b6905bf5,Maa Vaishno Atta Chakki,23.171723,77.462311,"Retail,",,,,,4
518,56847aeca52a4afc33629363,Akashdip Hair Cutting Salon,23.171723,77.462311,"Retail,",,,,,4
519,0dd38628571948ca3d578599,Man Bhawan Batteries,23.171723,77.462311,"Retail,",,,,,4
520,4bf4cd69d2fbef3b83d8a4c5,Domino's Pizza,23.188617,77.433802,"Pizzeria,Fast Food Restaurant,",0.9272937103289094,1.0,6.5,"{'total_photos': 7, 'total_ratings': 6, 'total_tips': 1}",4
521,5a759e3c1c0b345d4bf2d44d,The Frozen Hut and Waffle Hut,23.188617,77.433802,"Ice Cream Parlor,",0.6243508366993653,1.0,,,4
522,4e67332d52b1ca65dc0c436f,Aura Mall,23.188617,77.433802,"Business and Professional Services,",0.9878822850548182,,,,4
523,54267192498e73dbf2dc8bf4,Big Bazaar Aura Mall,23.188617,77.433802,"Shopping Mall,",0.9394114252740912,,,,4
524,5b483fc4dee770002cbfa2e9,Chai Sutta Bar,23.188617,77.433802,"Bar,",0.0972302365839584,1.0,,,4
525,57c6c198498e64f52e3ba476,Cafe Craft,23.188617,77.433802,"Coffee Shop,Restaurant,",0.775533756491633,1.0,,,4
526,622c4208e0148f495881e2d9,PVR Cinemas,23.188617,77.433802,"Movie Theater,",0.9457587997691864,,,,4
527,5957c315ccad6b4c07b89d5c,Subway,23.188617,77.433802,"Deli,Fast Food Restaurant,",0.0147143681477207,1.0,,,4
528,4e6a12ec1f6e1e74e40cbf92,Reliance Fresh,23.188617,77.433802,"Retail,",0.571263704558569,,,,4
529,37878db904d44cf24d480738,Food Venture,23.188617,77.433802,"Restaurant,",,,,,4
530,8a1e0867f4c84823f427417a,Kolar Road and Alley,23.195847,77.417121,"Retail,",,,,,4
531,ad49c26890cc4e19ad8e6593,Swarn Jayanti Park,23.195847,77.417121,"Park,",,,,,4
532,e66c43ce174449bc94cadf92,Tejwani Brothers,23.195847,77.417121,,,,,,4
533,8d7a6482eb09401df1d6bc6f,Shankar Cycle Service,23.195847,77.417121,"Bicycle Store,",,,,,4
534,0ce978e440e24df17a35fd20,Digital Marketing Grid,23.195847,77.417121,,,,,,4
535,8da08d8584fd43a6d0ba40f4,Sukhtawa Chicken Shop,23.195847,77.417121,"Restaurant,",,,,,4
536,b091042b45b44fe08cd7c1c2,Tulsi Automobiles,23.195847,77.417121,"Car Parts and Accessories,",,,,,4
537,440a24db68874618a68c9959,Lake View Automobiles,23.195847,77.417121,"Car Parts and Accessories,",,,,,4
538,23e18714c6e44742fcc20878,Raj Darbar,23.195847,77.417121,"Indian Restaurant,",,,,,4
539,3a47ab543654462eb77a3319,IndusInd Bank ATM,23.195847,77.417121,"ATM,",,,,,4
540,f93b091be78f4b0505aa04fd,Provision Store,23.189887,77.464709,"Retail,",,,,,5
541,bb3167d68ffa4b7e3d09688b,Lakhapati General Store,23.189887,77.464709,"Retail,",,,,,5
542,218f31901ccb4d864802141b,Designer Boutique,23.189887,77.464709,"Retail,",,,,,5
543,591a52b683764b865f82d77e,MS Ladies Tailor,23.189887,77.464709,"Retail,",,,,,5
544,d1ea6415158e47fa8852fddb,Iron Chamber,23.189887,77.464709,"Retail,",,,,,5
545,5f5154d655cb4cbc07add970,Radhika Enterprises,23.189887,77.464709,"Retail,",,,,,5
546,8d407a20f47348a402895c9a,Arnav Tech Solution and Provision Store,23.189887,77.464709,"Retail,",,,,,5
547,4f9fa297f8a5454ef95a0164,Mattress Stall,23.189887,77.464709,"Retail,",,,,,5
548,89947aa1c790468f9e5209f1,Laxmi Shopping Complex,23.189887,77.464709,,,,,,5
549,96a2b9de358648847642b29a,Shree Veshnavi Tent House,23.189887,77.464709,"Retail,",,,,,5
550,0675086dd8d04b93f97bbad0,Parihar Computer,23.195226,77.464257,"Retail,",,,,,4
551,f28f5ec309af4485c003f4e1,SK Enterprises,23.195226,77.464257,"Retail,",,,,,4
552,bbfe4460665d4e5fe0b33381,Mobile Shop,23.195226,77.464257,"Retail,",,,,,4
553,2cf9bcaaf6494bab8a33f3db,Caterer,23.195226,77.464257,"Retail,",,,,,4
554,7769932954154d17ee17c909,Harsh Plywood,23.195226,77.464257,"Retail,",,,,,4
555,3ab02afdde404cc461e7b55e,Laxmi Chinese and Fast Food,23.195226,77.464257,"Asian Restaurant,",,,,,4
556,f903e1dee8dd468298da2f5c,Hariom Fabrication,23.195226,77.464257,"Retail,",,,,,4
557,8c0106a5cd7d49af43bf1621,Mattress Shop,23.195226,77.464257,"Retail,",,,,,4
558,fb4f82155f2342a7d514667b,Patal Kirana and General Store,23.195226,77.464257,"Retail,",,,,,4
559,aae231e93133466f1f72d4ac,Om Mobile Gallery,23.195226,77.464257,"Retail,",,,,,4
560,25f47436039d493e7755ec70,Pandit Deen Dayal Smarit Udhyan,23.211058,77.454529,"Retail,",,,,,5
561,a6536f3182e9412f20392fd3,Abit Corp,23.211058,77.454529,"Website Designer,",,,,,5
562,58dda222bdd54da417562f3f,Police Post,23.211058,77.454529,"Law Enforcement and Public Safety,",,,,,5
563,89b5d94009b9451793082e8d,Bhaktiya Electronics,23.211058,77.454529,"Retail,",,,,,5
564,5b24a9f1a77946c8584e63e5,Abhishek Dry and Dry Clean,23.211058,77.454529,"Retail,",,,,,5
565,8a90ea8960664e9af9badc8a,Ravi Hair Dresser,23.211058,77.454529,"Retail,",,,,,5
566,30a84109cee1445debc5ba53,Deepak Sachi Parlour,23.211058,77.454529,"Retail,",,,,,5
567,39d180d8d0dd49c11dc13cc9,Vijay Hair Dresser,23.211058,77.454529,"Retail,",,,,,5
568,b185b4bd60fd42fc672bbf1c,Singh Fast Internet Cafe,23.211058,77.454529,"Retail,",,,,,5
569,37b33031cd96490b03f0342f,Hariom Pan Place,23.211058,77.454529,"Retail,",,,,,5
570,4f78390ae4b0557b22d6d1a8,Om Store,23.217155,77.463034,"Convenience Store,",0.2279284477784189,,,,5
571,266d23f3587c44c530f4b074,Shri Hanuman Sid Shakti Pith,23.217155,77.463034,"Retail,",,,,,5
572,75fdcd2e08474e94ce987ddb,Sai Ice Cream and Cold Drinks,23.217155,77.463034,"Retail,",,,,,5
573,9239e009f089474c1e288fa2,Mauriya Internet,23.217155,77.463034,"Retail,",,,,,5
574,54b84f30f1a446e2e60ff1e1,Branded Shoe Corner,23.217155,77.463034,"Retail,",,,,,5
575,1601575d0ca14a883c875375,Jyoti Electricals,23.217155,77.463034,"Retail,",,,,,5
576,4f59ab30e4b0b310de771039,Famous Restaurant,23.217155,77.463034,"Dining and Drinking,",0.5069244085401039,1.0,,,5
577,3032d903455942fd85b3c50f,Shital General Store,23.217155,77.463034,"Retail,",,,,,5
578,00d5472656a142a1ac7ab68b,Ashu Music,23.217155,77.463034,"Retail,",,,,,5
579,80b0518257904cbbb768719f,Annapurna Kirana,23.217155,77.463034,"Retail,",,,,,5
580,2915b95155364b43b2682493,Faizys Enterprises,23.21643,77.452377,"Fabric / Textiles Store,",,,,,4
581,0f52ff562c004b4b33825794,Urvashi Salon and Training Centre,23.21643,77.452377,"Retail,",,,,,4
582,9edd71c2c9ff4002a0d07a5b,Vandana Tent,23.21643,77.452377,"Retail,",,,,,4
583,924e575de5514de57bf6a8d3,Atpmaching Biduth Bill Bugthan Kendra,23.21643,77.452377,"Retail,",,,,,4
584,2c03d29f6bd945141a92cb52,Heavy Electricals,23.21643,77.452377,"Retail,",,,,,4
585,f31a30e7e8164c23ed871546,Uma Mobile Repairing,23.21643,77.452377,"Retail,",,,,,4
586,ec2c0e7acba349ea4688538b,Uma Telecommunication,23.21643,77.452377,"Retail,",,,,,4
587,4d9e88be6fb44adb2c03e68d,Sanmati Super Market,23.21643,77.452377,"Retail,",,,,,4
588,4eda2ddfd3e346be34073fbf,"Panchwati Market, Saket Nagar",23.21643,77.452377,"Shopping Mall,",0.9962492787074436,,,,4
589,5759e8e5bfa0490455205d28,Ideal Gents Hair Parlour,23.21643,77.452377,"Retail,",,,,,4
590,60631ab1f27b09748ba1a43a,Lipstick Ladies Spa and Salon,23.188235,77.436275,"Retail,",0.5037507212925563,,,,4
591,5055c5a7e4b0669213bd9873,Absolute Spa,23.188235,77.436275,"Spa,",0.9238315060588574,,,,4
592,60e95d8162b8ea7f20f16dff,Jockey Exclusive Store,23.188235,77.436275,"Clothing Store,",0.5957876514714369,,,,4
593,50376cb1e4b0d834600657fe,Padharo Sa,23.188235,77.436275,"Indian Restaurant,",0.1569532602423543,2.0,,,4
594,4bf4cd69d2fbef3b83d8a4c5,Domino's Pizza,23.188235,77.436275,"Pizzeria,Fast Food Restaurant,",0.9272937103289094,1.0,6.5,"{'total_photos': 7, 'total_ratings': 6, 'total_tips': 1}",4
595,5729ede6cd103012e0ea1bde,Kafe Kulture,23.188235,77.436275,"Restaurant,",0.7815926139642239,1.0,,,4
596,5a91955ae96d0c2e5bf5c44e,Cocoa And Cream,23.188235,77.436275,"Bakery,",0.8808424697057127,1.0,,,4
597,5799e020498e7c745e6ac91f,On-door,23.188235,77.436275,"Food and Beverage Retail,",0.0969417195614541,,,,4
598,622c4208e0148f495881e2d9,PVR Cinemas,23.188235,77.436275,"Movie Theater,",0.9457587997691864,,,,4
599,9988f17aec734affebdbe095,Padkarosa Cuisine,23.188235,77.436275,"Restaurant,",,,,,4
600,510a5a19e4b070a10c3a3c65,BHEL Cultural Hall,23.250998,77.464923,"Theater,",0.8791113675706866,,,,4
601,92d590d13e70494592d5e686,Shakti Enterprises,23.250998,77.464923,"Retail,",,,,,4
602,cbe9c551b9c544bae6818dc9,New Shakti Auto,23.250998,77.464923,"Car Parts and Accessories,",,,,,4
603,c928bbfa48f5489c2779af52,Mahaveer Kirana,23.250998,77.464923,"Retail,",,,,,4
604,bcc4250f8838494a42de9e95,Shri Sai Enterprises,23.250998,77.464923,"Retail,",,,,,4
605,bf925fd1092049e78c4a14df,Shankar Watch,23.250998,77.464923,"Retail,",,,,,4
606,bc36c0ff04994b3150990929,Delhivery Courier Service,23.250998,77.464923,"Retail,",,,,,4
607,c126bfd48b0649300ba91224,Irush Collection,23.250998,77.464923,"Retail,",,,,,4
608,06d3b714691b4a8082452257,Novelty Dresses at New Market and Novelty LifeStyle at Indrapuri,23.250998,77.464923,"Clothing Store,",,,,,4
609,4e3cf5e345dd68e327330d33,Ram mandir,23.250998,77.464923,,0.446335833814195,,,,4
610,db90be8e25424a3ec8555b6b,Datta Door House,23.252854,77.463565,"Retail,",,,,,3
611,e3d6018122094e7298dce68b,Teazz Maker,23.252854,77.463565,"Restaurant,",,,,,3
612,510a5a19e4b070a10c3a3c65,BHEL Cultural Hall,23.252854,77.463565,"Theater,",0.8791113675706866,,,,3
613,6f33d0f9bbde424226c60baf,Nitin Top N Town,23.252854,77.463565,"Retail,",,,,,3
614,8219887692674273e23f8563,Deshi Handi Chicken Point,23.252854,77.463565,"Retail,",,,,,3
615,8dd53a2aeab84b8f9271328c,Balaji Electricals,23.252854,77.463565,"Retail,",,,,,3
616,af1c37c90fe14c0db858eb94,The Tea Crush,23.252854,77.463565,"Cafes, Coffee, and Tea Houses,",,,,,3
617,fb1db2009f5443901ae5eead,Reema Collection,23.252854,77.463565,"Retail,",,,,,3
618,4e3cf5e345dd68e327330d33,Ram mandir,23.252854,77.463565,,0.446335833814195,,,,3
619,f774505edaeb47c741d8f096,Singh Enterprises,23.252854,77.463565,"Retail,",,,,,3
620,5441f78a498ead02a37b2c91,Domino's Pizza,23.251645,77.456501,"Pizzeria,Fast Food Restaurant,",0.944604731679169,1.0,6.5,"{'total_photos': 2, 'total_ratings': 2, 'total_tips': 1}",3
621,8a7ad571d1e54a99488049d1,Satya Sales and Service,23.251645,77.456501,"Retail,",,,,,3
622,b86269e98cca44176a118617,Juneja Tyre Place,23.251645,77.456501,"Car Parts and Accessories,",,,,,3
623,652913eb24ec47f13722977c,Central Bank of India ATM,23.251645,77.456501,"ATM,",,,,,3
624,2f281750b98d4460039c7efe,Tata Batteries,23.251645,77.456501,"Retail,",,,,,3
625,3481f311e8464e487d742731,Vietse Minar Culturn,23.251645,77.456501,"Retail,",,,,,3
626,a3e06677eded4209d23ef563,Ebenezer Gift and Stationery,23.251645,77.456501,"Retail,",,,,,3
627,d767885c68ca4def8b23275c,Gis Collection,23.251645,77.456501,"Retail,",,,,,3
628,982e020ea3224052dba59a75,Punjab Dairy,23.251645,77.456501,"Retail,",,,,,3
629,b9bd29557b024387e78878ff,J K System,23.251645,77.456501,"Retail,",,,,,3
630,976d602ee15244c8a730a371,Kirti Herbal Beauty Parlour,23.230224,77.485648,"Retail,",,,,,5
631,a2681d85b2d141bb8fe1fb04,ICICI Bank Awadhpuri Branch,23.230224,77.485648,"Banking and Finance,",,,,,5
632,2e8145f00a944f0f8021e302,Axis Bank ATM,23.230224,77.485648,"ATM,",,,,,5
633,7bdc52eabb0f48d22f0df2b0,In Style,23.230224,77.485648,"Retail,",,,,,5
634,e1a33be11d9b4ba7a3b16aa9,Zam Zam Restaurant,23.230224,77.485648,"Restaurant,",,,,,5
635,6b841a9d827e4a4fd4d6d6b8,Aao Ji Khao Ji,23.230224,77.485648,"Restaurant,",,,,,5
636,96789184d6d44da277d23fc9,Card Emporium,23.230224,77.485648,"Retail,",,,,,5
637,51633a0c074c48d4216b5029,Om Enterprises,23.230224,77.485648,"Retail,",,,,,5
638,043b0dc47d2f496d1ed1ca91,Mohit Tyre Work,23.230224,77.485648,"Car Parts and Accessories,",,,,,5
639,9ab88bdc9cb3458626b25fac,Radhe Radhe Pan Centre,23.230224,77.485648,"Retail,",,,,,5
640,4e3cd6c08877b00cfc3fdf34,Top N Town Main Icecream Joint,23.233822,77.399169,"Food Court,",0.9864396999422966,,7.9,"{'total_photos': 8, 'total_ratings': 13, 'total_tips': 8}",2
641,61604d10c35900480b25a10f,Samsung SmartCafé (Variety Music Corner),23.233822,77.399169,"Mobile Phone Store,",0.1145412579342181,,,,2
642,51359e7ae4b05e24f1b9157f,Bake N Shake Rangmahal Cineplex,23.233822,77.399169,"Burger Joint,",0.9945181765724178,1.0,6.2,"{'total_photos': 11, 'total_ratings': 12, 'total_tips': 4}",2
643,502a67a6e4b0b266b919cf7f,Squash Court,23.233822,77.399169,"Sports and Recreation,",0.7683208309290248,,,,2
644,549ad036498ebc7d8c54d7c8,Babu Bhai Lemon Tea Adda,23.233822,77.399169,"Tea Room,",0.2997691863819965,2.0,,,2
645,4e577e1afa76435f0bcf141e,New Market,23.233822,77.399169,"Miscellaneous Store,",0.998268897864974,,6.5,"{'total_photos': 28, 'total_ratings': 39, 'total_tips': 11}",2
646,4fd971b0e4b02b4ce269663f,Idbi Bank,23.233822,77.399169,"Bank,",0.0126947489901904,,,,2
647,b6a3a58770074c7a7148f207,Naaz Footwear,23.233822,77.399169,"Retail,",,,,,2
648,84e5d02ccba64c673c45cea5,Pradeep Boot House,23.233822,77.399169,"Retail,",,,,,2
649,cd93fa8b2d504ca20109bf31,Kahana Peena Restaurant,23.233822,77.399169,"Restaurant,",,,,,2
650,7daf7032212a49db147e0ce4,Samarth Services,23.25004,77.467072,,,,,,4
651,7d4758de143545c180863b73,Swagat Fast Food Corner,23.25004,77.467072,"Retail,",,,,,4
652,50ed70bce4b0dbe95d11e257,BHEL Gate #4,23.25004,77.467072,"Concert Hall,",0.8364108482400462,,,,4
653,39958dba1207441692905233,The Book House,23.25004,77.467072,"Retail,",,,,,4
654,ea05b32193aa4645d0e38a4c,Ganga Aqua Solution,23.25004,77.467072,"Retail,",,,,,4
655,01eb862f2e504ec0c736ec19,Rachana Green Land,23.25004,77.467072,"Retail,",,,,,4
656,4bdb9b8db39a4c132d2fda58,Cantable,23.25004,77.467072,"Retail,",,,,,4
657,6dd40aaed5234c64600839f3,Nirankari Provision Store,23.25004,77.467072,"Retail,",,,,,4
658,50d539fe26694a6f757c62fb,Maruti Construction,23.25004,77.467072,"Retail,",,,,,4
659,dddf583cc82f4dee12b7734c,Keshav Garments,23.25004,77.467072,"Retail,",,,,,4
660,5918018c6a59507194ae5dba,Bombay Street Cafe - Taste Of Mumbai,23.189384,77.429729,"Café,",0.3237160992498557,1.0,,,3
661,5352df21498eebb09d6fb1c1,The Royal Court,23.189384,77.429729,"Indian Restaurant,",0.4899019042123485,2.0,,,3
662,510cc634e4b00af1b30f5cfb,Punjab National Bank,23.189384,77.429729,"Bank,",0.6961915753029428,,,,3
663,4e6a12ec1f6e1e74e40cbf92,Reliance Fresh,23.189384,77.429729,"Retail,",0.571263704558569,,,,3
664,85c7cc618c034161a0289541,Ghar ka Khana,23.189384,77.429729,"Indian Restaurant,",,,,,3
665,4bf4cd69d2fbef3b83d8a4c5,Domino's Pizza,23.189384,77.429729,"Pizzeria,Fast Food Restaurant,",0.9272937103289094,1.0,6.5,"{'total_photos': 7, 'total_ratings': 6, 'total_tips': 1}",3
666,5e319cd2e159a4000811c2ee,Axis Bank ATM,23.189384,77.429729,"ATM,",0.7613964223889209,,,,3
667,57c6c198498e64f52e3ba476,Cafe Craft,23.189384,77.429729,"Coffee Shop,Restaurant,",0.775533756491633,1.0,,,3
668,98d137652a16474cb7f2457d,Vanya Beauty Parlour,23.189384,77.429729,"Retail,",,,,,3
669,5b483fc4dee770002cbfa2e9,Chai Sutta Bar,23.189384,77.429729,"Bar,",0.0972302365839584,1.0,,,3
670,cceac60c6e0a42adfec93a76,Papa Fabrication Works,23.167347,77.438082,"Retail,",,,,,4
671,13e511f9aebc4d50fa9c919b,Animal Store,23.167347,77.438082,"Retail,",,,,,4
672,1d521251f62c4cb5883263c8,Vikas Tomar Kirana and General Store,23.167347,77.438082,"Retail,",,,,,4
673,c2adf8f3816e448ce638fb54,Shell group,23.167347,77.438082,"Financial Planner,",,,,,4
674,c69d71696ea44d32d4a545ed,Bharti Dry Cleaner,23.167347,77.438082,"Retail,",,,,,4
675,f227e965a12845683e3e2189,Devanshi Milan Hair Salon,23.167347,77.438082,"Retail,",,,,,4
676,ca2261c8caa548277643b46d,State Bank of India Salaiya Branch,23.167347,77.438082,"Banking and Finance,",,,,,4
677,90127d89798e42903c76ee19,Mawa Nukkad,23.167347,77.438082,"Asian Restaurant,",,,,,4
678,63e4e2e4b85249521e3d1f50,DK Enterprises,23.167347,77.438082,"Retail,",,,,,4
679,b9dfc5574d9f470fe6e9b264,Drool Ah!,23.167347,77.438082,"Bakery,",,,,,4
680,b794f878fe70477890268144,Falcon,23.284232,77.381079,,,,,,2
681,55cfdaca4bcb4108525c9315,CCS,23.284232,77.381079,"Computers and Electronics Retail,",,,,,2
682,f29fd9800c33498971473749,Unit Run Canteen,23.284232,77.381079,"Restaurant,",,,,,2
683,2ce4e0059fc9444abf67bf64,Top Spare and Repairing Centre,23.284232,77.381079,"Car Parts and Accessories,",,,,,2
684,a4328fdd670e45e94611b1a1,Harish Trading Company,23.284232,77.381079,"Retail,",,,,,2
685,1b8a9be26796439003f2d304,Wood Shop,23.284232,77.381079,"Retail,",,,,,2
686,ffeb436fc72e4b4dfd3c04c9,MP Workshop and Service Centre,23.284232,77.381079,"Car Parts and Accessories,",,,,,2
687,ace16a0c626944b5b9b70fd5,Aman Saree,23.284232,77.381079,"Retail,",,,,,2
688,f5a27d1f926e43fe205c6eed,Durgesh Kirana and General Store,23.284232,77.381079,"Retail,",,,,,2
689,96675507654c47d248f2bbab,Anasa Electronic,23.284232,77.381079,"Retail,",,,,,2
690,5cea9c3fcabcff002c2d4fa5,Rahul Meena Momos,23.208478,77.427518,"Indian Restaurant,",0.257068667051356,1.0,,,5
691,620283b27b837251b8b5c43d,Smack,23.208478,77.427518,"Burger Joint,",0.6162723600692441,1.0,,,5
692,f6ec9e28715341fd4a9bb363,The Angry Chef,23.208478,77.427518,"Bakery,",,,,,5
693,c7db545847434261bc48e11f,Total Refreshing Point,23.208478,77.427518,"Restaurant,",,,,,5
694,4fab9649e4b0381a48ca1f84,Amer Bakery Hut,23.208478,77.427518,"Bakery,",0.9645124062319675,1.0,8.3,"{'total_photos': 12, 'total_ratings': 25, 'total_tips': 12}",5
695,4fad0d2de4b0bcc0c1828b09,Regional Museum of Natural History,23.208478,77.427518,"History Museum,",0.4668205424120023,,,,5
696,4d402101c1d4721e308c0dc7,Cafe Coffee Day,23.208478,77.427518,"Cafes, Coffee, and Tea Houses,",0.9711482977495672,1.0,7.2,"{'total_photos': 5, 'total_ratings': 18, 'total_tips': 1}",5
697,4e51316581dcf21a878f42d8,Kaya Skin Clinic,23.208478,77.427518,"Cosmetics Store,",0.051067512983266,,,,5
698,4eae59a5f7906795c411406a,Hanuman Mandir,23.208478,77.427518,"Hindu Temple,",0.7475476053087132,,,,5
699,ece75cc6588649c4d3e2c213,Xpress Money,23.208478,77.427518,"Financial Service,",,,,,5
700,03d4da1306d44e8b96a41a07,Yash Baba Beauty Parlour,23.239786,77.435942,"Retail,",,,,,4
701,54fac64f498ebe4000f3e134,Cafe You,23.239786,77.435942,"Indian Restaurant,",0.3000577034045009,1.0,,,4
702,1b7107fcca184e5a27c30fd7,Swadeshan Sapthasik,23.239786,77.435942,"Retail,",,,,,4
703,4e4015b145dd68e3275b078d,Vishal Mega Mart,23.239786,77.435942,"Department Store,",0.967397576457011,,,,4
704,4d42c7ec1629b60c2d689a89,Bake 'n' Shake,23.239786,77.435942,"Bakery,Restaurant,",0.5963646855164455,1.0,7.8,"{'total_photos': 7, 'total_ratings': 17, 'total_tips': 9}",4
705,557055a2498e88c3516ea337,I Like GOURMET,23.239786,77.435942,"Fast Food Restaurant,",0.9125793421811886,1.0,,,4
706,544fab5f498e22c6b909c9aa,Manohar Dairy and Restaurant,23.239786,77.435942,"Restaurant,",0.9887478361223312,1.0,7.3,"{'total_photos': 11, 'total_ratings': 8, 'total_tips': 3}",4
707,4bd793d8304fce7294b833ab,Hotel Nisarga,23.239786,77.435942,"Hotel,",0.9714368147720716,2.0,7.0,"{'total_photos': 0, 'total_ratings': 9, 'total_tips': 1}",4
708,4e719dd4c65bae3784346735,Lotus,23.239786,77.435942,"Electronics Store,",0.0473167916907097,,,,4
709,9794ef94eea14af86a8bd83f,Pradesh Achievers,23.239786,77.435942,"Retail,",,,,,4
710,51a6eb61498e8d9efce733df,Goyal Medical Hall,23.225875,77.422594,"Drugstore,",0.7400461627236007,,,,4
711,4ff91ab7e4b002d4d43b6faa,Royal Hair Salon,23.225875,77.422594,"Nail Salon,",0.7155222158107328,,,,4
712,c675ca1484de45f7a9652f48,Naidu Restaurant,23.225875,77.422594,"Restaurant,",,,,,4
713,83730a654fda476957a25f9b,Cobbler,23.225875,77.422594,"Retail,",,,,,4
714,5fe0fa3fdcaf4fa144063e30,Humpty Dumpty,23.225875,77.422594,"Retail,",,,,,4
715,3e8129cf2e324a630be49286,Ankit Electricals Repairing Centre,23.225875,77.422594,"Retail,",,,,,4
716,ee4fd8c67f3242f31199f9b3,Kashmir General Stores,23.225875,77.422594,"Retail,",,,,,4
717,6070a749bdfe47070734f887,Garment Singh,23.225875,77.422594,"Retail,",,,,,4
718,53eff4a5685342d4d3800b52,Shiv Kailash Kirana Store,23.225875,77.422594,"Retail,",,,,,4
719,a8d0841348354567c5e9ed1f,Tailors S Brothers,23.225875,77.422594,"Retail,",,,,,4
720,81f64cefdf8640979412903f,SBM Toilet,23.24165,77.374374,"Community and Government,",,,,,5
721,d21679110f4f44f4ba734b71,Ramu Dwar,23.24165,77.374374,"Community and Government,",,,,,5
722,4ef8287e2c5b0445016d2db0,Wind and Waves,23.24165,77.374374,"Bar,Indian Restaurant,",0.957887752461738,2.0,7.3,"{'total_photos': 10, 'total_ratings': 24, 'total_tips': 3}",5
723,4e8720540aaf7a3a04b0297f,Cafe Coffee Day,23.24165,77.374374,"Coffee Shop,",0.9002791493899163,1.0,7.4,"{'total_photos': 22, 'total_ratings': 22, 'total_tips': 9}",5
724,ef51f7cad5d842ff133ccef8,Bombay Bhailpuri,23.24165,77.374374,"Restaurant,",,,,,5
725,b4421c67afcc4aa29d68fda9,Zauq,23.24165,77.374374,"Restaurant,",,,,,5
726,4cbefd73020d4688a6af5f38,Boat Club,23.24165,77.374374,"Sports and Recreation,",0.9554392076979688,,,,5
727,162aa7a3eae143e16bad1393,Wind and Waves Restaurant,23.24165,77.374374,"Restaurant,",,,,,5
728,58e26232d772f93b1353110d,"Goodricke Tea Pot, Lakeview",23.24165,77.374374,"Tea Room,",0.1473547253972288,2.0,,,5
729,67895b3f39824f5361418bc5,Lehar,23.24165,77.374374,"Restaurant,",,,,,5
730,4e9112c89adf26eeba46acca,Raju Tea Stall,23.25491,77.397813,"Tea Room,",0.9904789382573572,2.0,8.2,"{'total_photos': 17, 'total_ratings': 24, 'total_tips': 7}",3
731,5158fe26e4b0edb01b180d7d,Moti Masjid Square,23.25491,77.397813,"Historic and Protected Site,",0.1846508944027697,,,,3
732,4e4e7a84e4cdc76dc9a2a226,Gauhar Mahal,23.25491,77.397813,"Historic and Protected Site,",0.952394691286786,,,,3
733,8ff001e5790046126fd810e5,Student Photo Copy,23.25491,77.397813,"Retail,",,,,,3
734,fb55bc3624eb4fc6b21b5d61,Golden Garage,23.25491,77.397813,"Car Parts and Accessories,",,,,,3
735,4db926e7fa8c978590c8fb84,Waseems Touch Of Joy,23.25491,77.397813,"Health and Beauty Service,",0.6459896133871899,,,,3
736,d4db58c99b3b40d26af1e3ac,Lab Line Traders,23.25491,77.397813,"Retail,",,,,,3
737,534bbd00498e19e7b4746843,Hotel Afghan,23.25491,77.397813,"Afghan Restaurant,",0.2501442585112521,2.0,,,3
738,59f2ef646bd36b5ffe811366,Kamla Park,23.25491,77.397813,"Park,",0.9310444316214656,,,,3
739,511f9213e4b08f84aea2591f,Chauk Bajar,23.25491,77.397813,"Grocery Store / Supermarket,",0.9737449509521062,,7.1,"{'total_photos': 9, 'total_ratings': 10}",3
740,4f0ad384e4b06fab1b7ffede,Domino's Pizza,23.272521,77.369707,"Pizzeria,Fast Food Restaurant,",0.9800923254472014,1.0,6.6,{'total_ratings': 1},3
741,9f286e4a8a4345ca4318c06a,M R Motors,23.272521,77.369707,"Car Parts and Accessories,",,,,,3
742,fa765d578ac548ab9c63505d,Sri Avantika Marble,23.272521,77.369707,"Retail,",,,,,3
743,8210720443b1463c8d485171,Shree Ankit Marble,23.272521,77.369707,"Retail,",,,,,3
744,fa520990c07e4ce8e733d535,Meena Furniture,23.272521,77.369707,"Retail,",,,,,3
745,481799a209304ab839776855,Tilak Sahakari Grah Nirman Sanstha,23.272521,77.369707,"Retail,",,,,,3
746,6c911955a7fb4c84f70d01f0,Prakash Handloom,23.272521,77.369707,"Fabric / Textiles Store,",,,,,3
747,bc5581a564e84725c27e189a,New Anjali Handloom,23.272521,77.369707,,,,,,3
748,a583faeae6114d85a5434a31,Merigold Marriage Garden,23.272521,77.369707,"Event Service,",,,,,3
749,5ae07702dd84425f1e31a584,"Rolls Mania, Lalghati",23.272521,77.369707,"Fast Food Restaurant,",0.5764570109636469,1.0,,,3
750,4fb5e93ce4b037516fb747ad,Cafe T,23.200578,77.434629,"Juice Bar,",0.5545297172533179,1.0,,,5
751,54b121bd498e733590c92aac,Baker's Castle,23.200578,77.434629,"Bakery,",0.3381419503750721,1.0,,,5
752,594cad3cb9ac38236dbc04c2,Sharekhan,23.200578,77.434629,"Stock Broker,",0.2132140796306982,,,,5
753,0d424586306640518c2042b7,Noor Mohammad,23.200578,77.434629,"Retail,",,,,,5
754,b8f9bebdd5f445145783d21f,HP Gas,23.200578,77.434629,"Food and Beverage Service,",,,,,5
755,50f96411e4b03c79548ca35e,Morena Dairy,23.200578,77.434629,"Dessert Shop,",0.0998268897864974,1.0,,,5
756,cee651cba28d449a24369705,Palpal Electricals,23.200578,77.434629,"Retail,",,,,,5
757,b4ef656e20a147ad47f27b5e,Shri Ram Bhojanalay,23.200578,77.434629,"Restaurant,",,,,,5
758,dddf31bce75e42cf872f1882,Albert David Ltd.,23.200578,77.434629,"Business and Professional Services,",,,,,5
759,061dfb1ccb77415288d67a01,Fast Food Shop,23.200578,77.434629,"Restaurant,",,,,,5
760,120861d99d024db15ad1aa14,Madhu Automobile,23.18573,77.453916,"Car Parts and Accessories,",,,,,3
761,ff75e9ae4b494fc88b27731b,Pushpa Automobile,23.18573,77.453916,"Car Parts and Accessories,",,,,,3
762,e7c5c2949ba540aa8db844d9,RP Restaurant,23.18573,77.453916,"Restaurant,",,,,,3
763,06cd1b8d27454cb5079c2bec,Chauksi Hardware,23.18573,77.453916,"Retail,",,,,,3
764,4081048a686d4fad621cd4d2,Simcom Computer,23.18573,77.453916,"Retail,",,,,,3
765,b188f9e55ad34636c8ba41c0,Burger,23.18573,77.453916,"Restaurant,",,,,,3
766,98dc61e1f14b404d75db917b,Punjab National Bank ATM,23.18573,77.453916,"ATM,",,,,,3
767,95e62c36bfb84e170116f8b3,Sainani Edge Tech,23.18573,77.453916,"Business and Professional Services,",,,,,3
768,60f25371d8b0f9012e745bfa,Royal Enfield Showroom - Loya Motors,23.18573,77.453916,"Motorcycle Dealership,",0.5323139065204847,,,,3
769,db5a99a06fb4407da94d3aec,Shri Annapurna Bhandar,23.18573,77.453916,"Retail,",,,,,3
770,25f47436039d493e7755ec70,Pandit Deen Dayal Smarit Udhyan,23.210242,77.456433,"Retail,",,,,,4
771,89b5d94009b9451793082e8d,Bhaktiya Electronics,23.210242,77.456433,"Retail,",,,,,4
772,30a84109cee1445debc5ba53,Deepak Sachi Parlour,23.210242,77.456433,"Retail,",,,,,4
773,b185b4bd60fd42fc672bbf1c,Singh Fast Internet Cafe,23.210242,77.456433,"Retail,",,,,,4
774,7653bf535264478cabf9b9bf,Hari Om Bakery,23.210242,77.456433,"Bakery,",,,,,4
775,37b33031cd96490b03f0342f,Hariom Pan Place,23.210242,77.456433,"Retail,",,,,,4
776,f299f4539ace4ed6e6d465b7,Jai Mata Di Flate Cycle,23.210242,77.456433,"Retail,",,,,,4
777,d4cd02680c29476d5c870762,Dharni Collection,23.210242,77.456433,"Retail,",,,,,4
778,de31ebd6a70546e42d098656,New Garment Manufacturing Centre,23.210242,77.456433,"Retail,",,,,,4
779,16a5a87b67b7450254be3171,Hardware Electricals,23.210242,77.456433,"Retail,",,,,,4
780,85fed197897c488fbde1ed14,Smack A Tasty Encounter,23.205616,77.460985,"Bakery,",,,,,4
781,05cd5cd991c044770e768360,Krishna Monitor Shop,23.205616,77.460985,"Retail,",,,,,4
782,672795cc65e240bfb837826a,Acompworld,23.205616,77.460985,"Bakery,",,,,,4
783,e244ccc3019f4d6f28abbeb2,Jadu Traders,23.205616,77.460985,"Retail,",,,,,4
784,2ac9ccbc2ba04d6a4f4be306,Niraj Kirana Store,23.205616,77.460985,"Retail,",,,,,4
785,9af381c86d3d4bc295d91354,Animal Feed Shop,23.205616,77.460985,"Retail,",,,,,4
786,e9e1ce52819f499bb266d94b,Nisha Telecom,23.205616,77.460985,"Retail,",,,,,4
787,0f1ae8b489944e92e74d8371,Rahnuma Kirana,23.205616,77.460985,"Retail,",,,,,4
788,40d5d310c9824d751cbd5ba3,Cap Farest Plautation,23.205616,77.460985,"Retail,",,,,,4
789,256b630071c24ab5cff52eed,Quiz Club AIIMS,23.205616,77.460985,,,,,,4
790,6a5b7d60521747f49df32982,Sun Enterprises,23.23384,77.409226,"Retail,",,,,,4
791,60ee299185d00900f7cd60a6,Asian Paints Colourideas - Ajay Paints,23.23384,77.409226,"Hardware Store,",0.8597807270628968,,,,4
792,4fab9873e4b0a1a273c15530,Prakash Taran Pushkar,23.23384,77.409226,"Swimming Pool,",0.4743219849971148,,,,4
793,5162c28ee4b069b26a673224,Amer Bakery Hut,23.23384,77.409226,"Bagel Shop,",0.9552798615118292,1.0,,,4
794,5b04007be1f228002cea3034,F for Fries,23.23384,77.409226,"Bakery,",0.6151182919792267,1.0,,,4
795,6237185caf091500680bca00,Icecream Factory And Shahi Durbar,23.23384,77.409226,"Ice Cream Parlor,",0.9852856318522792,1.0,,,4
796,4e3cd6c08877b00cfc3fdf34,Top N Town Main Icecream Joint,23.23384,77.409226,"Food Court,",0.9864396999422966,,7.9,"{'total_photos': 8, 'total_ratings': 13, 'total_tips': 8}",4
797,d97e127f9ba645801ae6c674,Kanad Samaj Bhavan,23.23384,77.409226,"Retail,",,,,,4
798,b7b82694d5024a214c580bc6,M P Hardware Store,23.23384,77.409226,"Manufacturer,",,,,,4
799,4ef88d935c5c68fa0c49d186,Indian Coffee House,23.23384,77.409226,"Indian Restaurant,",0.9780727062896712,2.0,6.7,"{'total_photos': 8, 'total_ratings': 11, 'total_tips': 4}",4
800,4e9112c89adf26eeba46acca,Raju Tea Stall,23.256664,77.396821,"Tea Room,",0.9904789382573572,2.0,8.2,"{'total_photos': 17, 'total_ratings': 24, 'total_tips': 7}",1
801,4db926e7fa8c978590c8fb84,Waseems Touch Of Joy,23.256664,77.396821,"Health and Beauty Service,",0.6459896133871899,,,,1
802,5158fe26e4b0edb01b180d7d,Moti Masjid Square,23.256664,77.396821,"Historic and Protected Site,",0.1846508944027697,,,,1
803,5166a7dfe4b068af5b9c372d,Ruby cold drinks,23.256664,77.396821,"Juice Bar,",0.7801500288517023,1.0,,,1
804,4e4e7a84e4cdc76dc9a2a226,Gauhar Mahal,23.256664,77.396821,"Historic and Protected Site,",0.952394691286786,,,,1
805,534bbd00498e19e7b4746843,Hotel Afghan,23.256664,77.396821,"Afghan Restaurant,",0.2501442585112521,2.0,,,1
806,50c66aeae4b0e8ae0adf0828,Jahanuma palace,23.256664,77.396821,"Asian Restaurant,",0.1840738603577611,2.0,,,1
807,511f9213e4b08f84aea2591f,Chauk Bajar,23.256664,77.396821,"Grocery Store / Supermarket,",0.9737449509521062,,7.1,"{'total_photos': 9, 'total_ratings': 10}",1
808,5889fb8224fd716de0404bbd,Shahi Jamil Hotel,23.256664,77.396821,"Restaurant,",0.2085978072706289,2.0,,,1
809,fb55bc3624eb4fc6b21b5d61,Golden Garage,23.256664,77.396821,"Car Parts and Accessories,",,,,,1
810,4d4ec8294f67224b0c406650,La Kuchina,23.242515,77.387827,"Restaurant,",0.9650894402769764,2.0,8.2,"{'total_photos': 9, 'total_ratings': 11, 'total_tips': 4}",2
811,4ebe766793ad36d7a86fc812,Cafechino,23.242515,77.387827,"Café,",0.9803808424697056,1.0,8.0,"{'total_photos': 10, 'total_ratings': 11, 'total_tips': 1}",2
812,517cd2cde4b0be989ba6633f,Zivaya Spa @ Lake View Ashok,23.242515,77.387827,"Spa,Hotel,",0.6803231390652048,,,,2
813,4bd10f4f20cd996092af2e9e,Hotel Lake View Ashok,23.242515,77.387827,"Hotel,",0.9474899019042125,2.0,,,2
814,d14dc779d4d449fd3a05e019,Conclave,23.242515,77.387827,"Arts and Entertainment,",,,,,2
815,34d245d06cbe41e621b1b0a2,China Town,23.242515,77.387827,"Asian Restaurant,",,,,,2
816,4cd1680dde0f6dcb18b57063,High Spirits Pub and Grill,23.242515,77.387827,"Bar,",0.63733410271206,3.0,,,2
817,5048e02de4b06b90915b8205,Bada Talao,23.242515,77.387827,"Scenic Lookout,",0.428736295441431,,,,2
818,d2d66efae95e4ccf8e1e2a29,Ripples Bar,23.242515,77.387827,"Bar,",,,,,2
819,7a8d7e213a864e6ab69e120a,Bhopal Express,23.242515,77.387827,"Indian Restaurant,",,,,,2
820,4d4038f346775481cecd55f4,Milan Restaurant,23.233056,77.432546,"Asian Restaurant,",0.9676860934795152,2.0,7.5,"{'total_photos': 7, 'total_ratings': 9, 'total_tips': 4}",6
821,4db19b664df03036e8d2082e,D.B City Mall,23.233056,77.432546,"Department Store,",0.9942296595499136,,8.1,"{'total_photos': 13, 'total_ratings': 19, 'total_tips': 3}",6
822,544fab5f498e22c6b909c9aa,Manohar Dairy and Restaurant,23.233056,77.432546,"Restaurant,",0.9887478361223312,1.0,7.3,"{'total_photos': 11, 'total_ratings': 8, 'total_tips': 3}",6
823,4d42c7ec1629b60c2d689a89,Bake 'n' Shake,23.233056,77.432546,"Bakery,Restaurant,",0.5963646855164455,1.0,7.8,"{'total_photos': 7, 'total_ratings': 17, 'total_tips': 9}",6
824,4e0d8090a8099e1525ff8ba7,10 Downing Street,23.233056,77.432546,"Indian Restaurant,",0.3845931909982689,1.0,8.0,"{'total_photos': 11, 'total_ratings': 35, 'total_tips': 9}",6
825,4bd793d8304fce7294b833ab,Hotel Nisarga,23.233056,77.432546,"Hotel,",0.9714368147720716,2.0,7.0,"{'total_photos': 0, 'total_ratings': 9, 'total_tips': 1}",6
826,4e2e82f6aeb7e1b8af9b8ece,McDonald's,23.233056,77.432546,"Burger Joint,Fast Food Restaurant,",0.93133294864397,1.0,7.6,"{'total_photos': 4, 'total_ratings': 19, 'total_tips': 5}",6
827,4e50d7df6284416669a25c1f,New U,23.233056,77.432546,"Cosmetics Store,",0.6829197922677438,,,,6
828,4cce8f263cb6b71397cbc3c8,DB City Mall,23.233056,77.432546,"Shopping Mall,",0.9593190998268898,,7.5,"{'total_photos': 71, 'total_ratings': 120, 'total_tips': 34}",6
829,4f16ea98e4b0d3f8aae096da,Pizza Hut,23.233056,77.432546,"Pizzeria,Fast Food Restaurant,",0.0620311598384304,1.0,7.3,"{'total_photos': 4, 'total_ratings': 16, 'total_tips': 6}",6
830,4e6a0a16e4cdb3755161f307,Hair Saloon,23.211206,77.441297,"Barbershop,",0.4420080784766301,,,,4
831,4e6db775fa768e6cee304d5b,Asha Niketan Hospital,23.211206,77.441297,"Health and Medicine,",0.5825158684362377,,,,4
832,f24f781b88e2473304be7de0,Jugal Garage,23.211206,77.441297,"Car Parts and Accessories,",,,,,4
833,011cbba043794d6ee53bbbc1,Vinod Pco,23.211206,77.441297,"Retail,",,,,,4
834,3c98abf5349d44116c569db1,Muskan Tyre Service,23.211206,77.441297,"Car Parts and Accessories,",,,,,4
835,b0d04c28bad14bfa8271f0e5,Rakhi Auto Repairing,23.211206,77.441297,"Car Parts and Accessories,",,,,,4
836,a61e57879e044ace7b116477,Narmada Ji,23.211206,77.441297,"Retail,",,,,,4
837,31a598d641004a5ce11f213c,Tomar Enterprises,23.211206,77.441297,"Retail,",,,,,4
838,5026793de4b0d0acd2800f5e,Bake N Shake,23.211206,77.441297,"Bakery,",0.9691286785920368,1.0,7.8,"{'total_photos': 16, 'total_ratings': 17, 'total_tips': 4}",4
839,4da00bc7bcc4a093f20108c9,10 Number Market,23.211206,77.441297,"Miscellaneous Store,",0.996537795729948,,7.3,"{'total_photos': 10, 'total_ratings': 27, 'total_tips': 7}",4
840,516eacd7e4b0a1f8c7471c91,Sagar Gere,23.267245,77.466847,"Indian Restaurant,",0.7648586266589729,2.0,,,0
841,884f4e4c159f4555ec747c89,Jaguar,23.267245,77.466847,"Retail,",,,,,0
842,3f3f5e6b227a4347ff355f27,Aarchi Juice and Ice Cream,23.267245,77.466847,"Restaurant,",,,,,0
843,f5fdcf011afc40ecda0b5d22,Sagar Gaire Fast Food,23.267245,77.466847,"Restaurant,",,,,,0
844,2ead8ae220244257ade91730,Eat More,23.267245,77.466847,"Restaurant,",,,,,0
845,47446a9cc2a6490dfc9d5aa2,RR Telecom Shop,23.267245,77.466847,"Retail,",,,,,0
846,1eaab1dd1d8a4fb5b7ef16d7,Pratibha Enterprises,23.267245,77.466847,"Retail,",,,,,0
847,bcfe1e24c44d4d1d2d07b7f1,VK Traders,23.267245,77.466847,"Retail,",,,,,0
848,52025c04498e589693e2190d,Jai Mahakal Tea Stall,23.267245,77.466847,"Restaurant,",0.0403923831506058,1.0,,,0
849,e3c5f8b8b33f4ad1ca593f58,Fairdeal Electricals,23.267245,77.466847,"Retail,",,,,,0
850,747fee08ea274d02e54ac0a4,SPA Canteen,23.298321,77.265836,"Restaurant,",,,,,3
851,9e6e5166572843b4d17a06fc,IISER Bhopal Mess 4,23.298321,77.265836,"Restaurant,",,,,,3
852,310bd8c209c844d1a1568beb,IISER Bhopal Mess 2,23.298321,77.265836,"Restaurant,",,,,,3
853,747fee08ea274d02e54ac0a4,SPA Canteen,23.295442,77.268064,"Restaurant,",,,,,2
854,9e6e5166572843b4d17a06fc,IISER Bhopal Mess 4,23.295442,77.268064,"Restaurant,",,,,,2
855,310bd8c209c844d1a1568beb,IISER Bhopal Mess 2,23.295442,77.268064,"Restaurant,",,,,,2
856,525f9aa711d2fc3c4ceb02db,SBI IISER Branch,23.295442,77.268064,"Bank,",0.2038221136050833,,,,2
857,f69df2196de140cdf06a3023,Dining Hall 1,23.295442,77.268064,"Restaurant,",,,,,2
858,c1a4815a1a414cac16ba4ba3,Iiser Bhauri So,23.295442,77.268064,"Retail,",,,,,2
859,6436d8e0676f4cbfd1f73721,Dhaba,23.280355,77.277276,"Diner,",,,,,0
860,cc7983ed004f4ca9c109b82c,Vishwakarma Bus Body Garage,23.280355,77.277276,"Car Parts and Accessories,",,,,,0
861,b7d1205a136b401c6d82382b,Maran Restaurant,23.280355,77.277276,"Restaurant,",,,,,0
862,6cbd3d364a8b4b02e324fcae,Smriti Netcom Pvt. Ltd.,23.280355,77.277276,"Technology Business,",,,,,0
863,40ec106c0efe47837ad09474,SureVin Internet Services Ltd.,23.280355,77.277276,"Technology Business,",,,,,0
864,defa10dcca304e23e68ae881,Chinarr Group,23.280355,77.277276,"Construction,",,,,,0
865,59a298c38b98fd7ac6ed0d20,IISERB Shopping Complex,23.280355,77.277276,"Shopping Plaza,",0.9021910405741228,,,,0
866,30d3fe765ef24179c80f89fa,Vikky Restaurant and Dhaba,23.280355,77.277276,"Diner,",,,,,0
867,5b6c382fc824ae002c7aff7d,Cafe Coffee Day,23.280355,77.277276,"Coffee Shop,",0.9302492556873996,1.0,,,0
868,14be0b6139bf4abdd661eabd,State Bank of India Iiser Campus Branch,23.280355,77.277276,"Banking and Finance,",,,,,0
869,310bd8c209c844d1a1568beb,IISER Bhopal Mess 2,23.292328,77.270887,"Restaurant,",,,,,0
870,9e6e5166572843b4d17a06fc,IISER Bhopal Mess 4,23.292328,77.270887,"Restaurant,",,,,,0
871,f69df2196de140cdf06a3023,Dining Hall 1,23.292328,77.270887,"Restaurant,",,,,,0
872,525f9aa711d2fc3c4ceb02db,SBI IISER Branch,23.292328,77.270887,"Bank,",0.2038221136050833,,,,0
873,c1a4815a1a414cac16ba4ba3,Iiser Bhauri So,23.292328,77.270887,"Retail,",,,,,0
874,5b6c382fc824ae002c7aff7d,Cafe Coffee Day,23.292328,77.270887,"Coffee Shop,",0.9302492556873996,1.0,,,0
875,59a298c38b98fd7ac6ed0d20,IISERB Shopping Complex,23.292328,77.270887,"Shopping Plaza,",0.9021910405741228,,,,0
876,b7dcf4a6776f408c7803de17,LHC Cafeteria,23.292328,77.270887,"Cafes, Coffee, and Tea Houses,",,,,,0
877,72aabbb22292414ae39c6aa9,Computer Centre,23.292328,77.270887,"Retail,",,,,,0
878,747fee08ea274d02e54ac0a4,SPA Canteen,23.292328,77.270887,"Restaurant,",,,,,0
879,0995f54f11c541f84d9fc179,Bana The Boutique,23.275569,77.454902,"Retail,",,,,,4
880,5054a79a1598469ff7fea6ce,Sanskar Boutique,23.275569,77.454902,"Retail,",,,,,4
881,511259bce4b01f707ee6ee95,Aashirwad Sweets and Restaurant,23.275569,77.454902,"Snack Place,",0.0305828043854587,1.0,,,4
882,50f0262be4b005218a7ae0b7,Sanchi Dudh Corner,23.275569,77.454902,"Convenience Store,",0.0527986151182919,,,,4
883,cec9acfb893244a5ab94b718,Sharma and Vishnu Fast Food,23.275569,77.454902,"Bakery,",,,,,4
884,3c350b85d2ab4d96654fb24f,Sharma Kirana and General Store,23.275569,77.454902,"Retail,",,,,,4
885,8e559fd19a3f450e5ab28697,Modular Kitchen and Interior,23.275569,77.454902,"Retail,",,,,,4
886,68048310135d4683f4c4006f,Beauty Art Dry Cleaners,23.275569,77.454902,"Retail,",,,,,4
887,f529f1180c024a4fec49c6da,Gopal Ji Dairy,23.275569,77.454902,"Retail,",,,,,4
888,769c7d083e464aff856b75c0,Sikarwar Kirana Store,23.275569,77.454902,"Retail,",,,,,4
889,d8038e6e6e8b4a47ceb75051,Deepali Beauty Hut and Training,23.274436,77.460493,"Retail,",,,,,3
890,bd2fd34d28fe41d7bca61e87,Harsh Mobile,23.274436,77.460493,"Retail,",,,,,3
891,c8b5f4cc06e24d1d823f83af,Bansika Kirana Store,23.274436,77.460493,"Retail,",,,,,3
892,f9397486e8a74add9855e19b,Nikita Fabricator,23.274436,77.460493,"Retail,",,,,,3
893,07d2219cade243e4f3a6bc7a,Pappu Auto Carrier,23.274436,77.460493,"Car Parts and Accessories,",,,,,3
894,aa63d3186ecd46d80461e316,Santosh Furniture,23.274436,77.460493,"Retail,",,,,,3
895,3bae3c57cf9345fc2cfd7496,Geet Ganesh Villas,23.274436,77.460493,"Retail,",,,,,3
896,8b74eab663604889e94c98a4,Juice Shop,23.274436,77.460493,"Restaurant,",,,,,3
897,e246804fd22d4bf0d6a13f2c,Hindustan Chicken Shop,23.274436,77.460493,"Retail,",,,,,3
898,1b49fe9efeb54689a64102b6,Sahil Fabricators,23.274436,77.460493,"Retail,",,,,,3
899,59a2c4ad1c0b3419a5a9dbdb,Cafe Coffee Day,23.268475,77.457554,"Coffee Shop,",0.938257357184074,1.0,6.4,{'total_ratings': 0},4
900,a54f898ac0c8417af0d59131,Azad Khadi Bhandar,23.268475,77.457554,"Retail,",,,,,4
901,68fa42fe2acd481711c9d1a0,Muft Ashimit Calls,23.268475,77.457554,"Retail,",,,,,4
902,8025453a3b574fe06d160287,Balaji Fashion Attire,23.268475,77.457554,"Retail,",,,,,4
903,34ab5f2624994b88feb8c5fb,Oscar Photo Creation Digital Studio,23.268475,77.457554,"Retail,",,,,,4
904,e487421496734e24da0cc78a,Mahakal Protein and General Stores,23.268475,77.457554,"Retail,",,,,,4
905,9d0f8158f60b4fa825d00154,Sri Sai Collection and Handloom Centre,23.268475,77.457554,"Retail,",,,,,4
906,c03c2584dcab4737b9e0d868,Sai Astro Solution,23.268475,77.457554,"Retail,",,,,,4
907,52a5c574f5cb4089a44afe57,Chandra Electricals and Electronics,23.268475,77.457554,"Electrical Equipment Supplier,",,,,,4
908,047d8ea4b61f43e6de4ae7e6,Eat and Enjoy,23.268475,77.457554,"Indian Restaurant,",,,,,4
909,4f1157d4e4b0456267017fdf,Nikki Bawa Beauty Clinic,23.227344,77.401239,"Health and Beauty Service,",0.926139642238892,,,,2
910,201f26e57f8447ec6a92a25f,Mas Financial Services Ltd.,23.227344,77.401239,"Financial Service,",,,,,2
911,b54ab4a6656f4b1ee0c522ed,Aakar Real Mart,23.227344,77.401239,"Retail,",,,,,2
912,e2123d6ede464a1d04ddbe24,The Best Towers Pvt. Ltd.,23.227344,77.401239,,,,,,2
913,3fe4e27fb33341c2c14c33a1,SBM Toilet,23.227344,77.401239,"Community and Government,",,,,,2
914,4e3ff74752b1a04aff37daca,Mark General,23.227344,77.401239,"Electronics Store,",0.2008078476630121,,,,2
915,12324162501e43a4d6b2d9ff,Sweet House,23.227344,77.401239,"Restaurant,",,,,,2
916,ac939f7037554add3a0a8f9b,Vandana Caters,23.227344,77.401239,"Restaurant,",,,,,2
917,5163fc48e4b0c4517223e547,T.T. Nagar Stadium,23.227344,77.401239,"Stadium,",0.9748990190421236,,,,2
918,de8aa96efc774b58d94dd9f3,Pandit Ji Alubada Special,23.227344,77.401239,"Restaurant,",,,,,2
919,4ef8287e2c5b0445016d2db0,Wind and Waves,23.240382,77.376334,"Bar,Indian Restaurant,",0.957887752461738,2.0,7.3,"{'total_photos': 10, 'total_ratings': 24, 'total_tips': 3}",1
920,4e8720540aaf7a3a04b0297f,Cafe Coffee Day,23.240382,77.376334,"Coffee Shop,",0.9002791493899163,1.0,7.4,"{'total_photos': 22, 'total_ratings': 22, 'total_tips': 9}",1
921,81f64cefdf8640979412903f,SBM Toilet,23.240382,77.376334,"Community and Government,",,,,,1
922,d21679110f4f44f4ba734b71,Ramu Dwar,23.240382,77.376334,"Community and Government,",,,,,1
923,ef51f7cad5d842ff133ccef8,Bombay Bhailpuri,23.240382,77.376334,"Restaurant,",,,,,1
924,b4421c67afcc4aa29d68fda9,Zauq,23.240382,77.376334,"Restaurant,",,,,,1
925,4cbefd73020d4688a6af5f38,Boat Club,23.240382,77.376334,"Sports and Recreation,",0.9554392076979688,,,,1
926,162aa7a3eae143e16bad1393,Wind and Waves Restaurant,23.240382,77.376334,"Restaurant,",,,,,1
927,58e26232d772f93b1353110d,"Goodricke Tea Pot, Lakeview",23.240382,77.376334,"Tea Room,",0.1473547253972288,2.0,,,1
928,9ddaab13d3234a56b2d9b68d,Cafe Coffee Day,23.240382,77.376334,"Restaurant,",,,,,1
929,1bba98852baf4f71d857662e,Kerala Pramida,23.232322,77.379065,"Retail,",,,,,2
930,4de1511a63655ed7e3fb9c96,Manav Sangharalay/ Museum of Man,23.232322,77.379065,"Sculpture Garden,",0.9223889209463358,,,,2
931,10650db5564d4a90d40c60c1,National Museum of Mankind-IGRMS,23.232322,77.379065,"History Museum,",,,,,2
932,50af64ec93174ba278d13c65,Tribal Habitat,23.232322,77.379065,,,,,,2
933,7700cb2af30d41555872bc7a,State Bank of India Regional College Of Education Bhopal Branch,23.232322,77.379065,"Banking and Finance,",,,,,2
934,52f73c86498e2210d228cb17,Madhya Pradesh Tribal Museum,23.232322,77.379065,"Museum,",0.9535487593768032,,,,2
935,5300989a498e1ff660b6c3f2,State Museum / Rajya Sanghralya,23.232322,77.379065,"History Museum,",0.1304096941719561,,,,2
936,381ce3342f8144556aad9125,Poonam Gupta,23.232322,77.379065,"Insurance Agency,",,,,,2
937,e860a1ea11a447be1ecb8dac,Hind Hardware Stores,23.232322,77.379065,"Home Improvement Service,",,,,,2
938,5e113057febf4fbafc06be5c,Lnct Group Of Colleges,23.232322,77.379065,,,,,,2
939,5300989a498e1ff660b6c3f2,State Museum / Rajya Sanghralya,23.233004,77.381998,"History Museum,",0.1304096941719561,,,,2
940,52f73c86498e2210d228cb17,Madhya Pradesh Tribal Museum,23.233004,77.381998,"Museum,",0.9535487593768032,,,,2
941,4de15b4263655ed7e3fbe5db,Hotel Jehanuma Palace,23.233004,77.381998,"Restaurant,",0.8167916907097519,2.0,8.1,"{'total_photos': 2, 'total_ratings': 16, 'total_tips': 6}",2
942,7700cb2af30d41555872bc7a,State Bank of India Regional College Of Education Bhopal Branch,23.233004,77.381998,"Banking and Finance,",,,,,2
943,4ebe766793ad36d7a86fc812,Cafechino,23.233004,77.381998,"Café,",0.9803808424697056,1.0,8.0,"{'total_photos': 10, 'total_ratings': 11, 'total_tips': 1}",2
944,4d4ec8294f67224b0c406650,La Kuchina,23.233004,77.381998,"Restaurant,",0.9650894402769764,2.0,8.2,"{'total_photos': 9, 'total_ratings': 11, 'total_tips': 4}",2
945,1bba98852baf4f71d857662e,Kerala Pramida,23.233004,77.381998,"Retail,",,,,,2
946,846508ad7644422d706110e2,Anu Vibhagiya Kendra,23.233004,77.381998,"Community and Government,",,,,,2
947,4de1511a63655ed7e3fb9c96,Manav Sangharalay/ Museum of Man,23.233004,77.381998,"Sculpture Garden,",0.9223889209463358,,,,2
948,a44536dc6db14df585628785,State Museum,23.233004,77.381998,"Museum,",,,,,2
